#
# There is insufficient memory for the Java Runtime Environment to continue.
# Native memory allocation (mmap) failed to map 114294784 bytes. Error detail: committing reserved memory.
# Possible reasons:
#   The system is out of physical RAM or swap space
#   This process is running with CompressedOops enabled, and the Java Heap may be blocking the growth of the native heap
# Possible solutions:
#   Reduce memory load on the system
#   Increase physical memory or swap space
#   Check if swap backing store is full
#   Decrease Java heap size (-Xmx/-Xms)
#   Decrease number of Java threads
#   Decrease Java thread stack sizes (-Xss)
#   Set larger code cache with -XX:ReservedCodeCacheSize=
#   JVM is running with Unscaled Compressed Oops mode in which the Java heap is
#     placed in the first 4GB address space. The Java Heap base address is the
#     maximum limit for the native heap growth. Please use -XX:HeapBaseMinAddress
#     to set the Java Heap base and to place the Java Heap above 4GB virtual address.
# This output file may be truncated or incomplete.
#
#  Out of Memory Error (os_linux.cpp:2834), pid=13713, tid=13723
#
# JRE version: OpenJDK Runtime Environment (17.0.20+8) (build 17.0.20+8-1-deb12u1-Debian)
# Java VM: OpenJDK 64-Bit Server VM (17.0.20+8-1-deb12u1-Debian, mixed mode, sharing, tiered, compressed oops, compressed class ptrs, g1 gc, linux-amd64)
# No core dump will be written. Core dumps have been disabled. To enable core dumping, try "ulimit -c unlimited" before starting Java again
#

---------------  S U M M A R Y ------------

Command Line: -XX:MaxMetaspaceSize=512m --add-opens=java.base/java.util=ALL-UNNAMED --add-opens=java.base/java.lang=ALL-UNNAMED --add-opens=java.base/java.lang.invoke=ALL-UNNAMED --add-opens=java.prefs/java.util.prefs=ALL-UNNAMED --add-exports=jdk.compiler/com.sun.tools.javac.api=ALL-UNNAMED --add-exports=jdk.compiler/com.sun.tools.javac.util=ALL-UNNAMED --add-opens=java.base/java.nio.charset=ALL-UNNAMED --add-opens=java.base/java.net=ALL-UNNAMED --add-opens=java.base/java.util.concurrent.atomic=ALL-UNNAMED -Xmx1024m -Dfile.encoding=UTF-8 -Duser.country -Duser.language=en -Duser.variant -javaagent:/tmp/gradle_home/wrapper/dists/gradle-8.9-bin/90cnw93cvbtalezasaz0blq0a/gradle-8.9/lib/agents/gradle-instrumentation-agent-8.9.jar org.gradle.launcher.daemon.bootstrap.GradleDaemon 8.9

Host: Intel(R) Xeon(R) Processor @ 2.50GHz, 2 cores, 2G, Debian GNU/Linux 12 (bookworm)
Time: Sat Oct  3 22:04:24 2026 UTC elapsed time: 129.171942 seconds (0d 0h 2m 9s)

---------------  T H R E A D  ---------------

Current thread (0x00007f9c940a70b0):  VMThread "VM Thread" [stack: 0x00007f9c6dd53000,0x00007f9c6de53000] [id=13723]

Stack: [0x00007f9c6dd53000,0x00007f9c6de53000],  sp=0x00007f9c6de51020,  free space=1016k
Native frames: (J=compiled Java code, j=interpreted, Vv=VM code, C=native code)
V  [libjvm.so+0xf21211]  VMError::report_and_die(int, char const*, char const*, __va_list_tag*, Thread*, unsigned char*, void*, void*, char const*, int, unsigned long)+0x171
V  [libjvm.so+0xf21d7d]  VMError::report_and_die(Thread*, char const*, int, unsigned long, VMErrorType, char const*, __va_list_tag*)+0x2d
V  [libjvm.so+0x60378c]  report_vm_out_of_memory(char const*, int, unsigned long, VMErrorType, char const*, ...)+0xdc
V  [libjvm.so+0xc2a14b]  os::pd_commit_memory_or_exit(char*, unsigned long, unsigned long, bool, char const*)+0xeb
V  [libjvm.so+0xc23ffb]  os::commit_memory_or_exit(char*, unsigned long, unsigned long, bool, char const*)+0x1b
V  [libjvm.so+0x733436]  G1PageBasedVirtualSpace::commit(unsigned long, unsigned long)+0x66
V  [libjvm.so+0x7473e0]  G1RegionsLargerThanCommitSizeMapper::commit_regions(unsigned int, unsigned long, WorkGang*)+0x110
V  [libjvm.so+0x7dadc8]  HeapRegionManager::commit_regions(unsigned int, unsigned long, WorkGang*)+0x88
V  [libjvm.so+0x7dcc0b]  HeapRegionManager::expand(unsigned int, unsigned int, WorkGang*)+0x2b
V  [libjvm.so+0x7dce27]  HeapRegionManager::expand_by(unsigned int, WorkGang*)+0x77
V  [libjvm.so+0x6ebed8]  G1CollectedHeap::expand(unsigned long, WorkGang*, double*)+0xe8
V  [libjvm.so+0x6eea5d]  G1CollectedHeap::resize_heap_if_necessary()+0x3d
V  [libjvm.so+0x6fbd64]  G1ConcurrentMark::remark()+0x3d4
V  [libjvm.so+0x76b861]  VM_G1PauseConcurrent::doit()+0x181
V  [libjvm.so+0xf26715]  VM_Operation::evaluate()+0xe5
V  [libjvm.so+0xf28005]  VMThread::evaluate_operation(VM_Operation*)+0x105
V  [libjvm.so+0xf2857f]  VMThread::inner_execute(VM_Operation*)+0x28f
V  [libjvm.so+0xf2878f]  VMThread::run()+0xbf
V  [libjvm.so+0xea40a5]  Thread::call_run()+0xa5
V  [libjvm.so+0xc2c8f3]  thread_native_entry(Thread*)+0xe3

VM_Operation (0x00007f9c981abbf0): G1PauseRemark, mode: safepoint, requested by thread 0x00007f9c940605b0


---------------  P R O C E S S  ---------------

Threads class SMR info:
_java_thread_list=0x00007f9c3c01b600, length=63, elements={
0x00007f9c9401aa10, 0x00007f9c940ab1b0, 0x00007f9c940ac590, 0x00007f9c940b33c0,
0x00007f9c940b4770, 0x00007f9c940b5b80, 0x00007f9c940b7530, 0x00007f9c940b8a60,
0x00007f9c940b9ed0, 0x00007f9c940c5500, 0x00007f9c941aebf0, 0x00007f9c95289d10,
0x00007f9c952f4190, 0x00007f9c95327e70, 0x00007f9c300171d0, 0x00007f9c380064e0,
0x00007f9c38008f80, 0x00007f9c3800b2f0, 0x00007f9c68009d90, 0x00007f9c6800cb30,
0x00007f9c6800e5d0, 0x00007f9c6819a070, 0x00007f9c681a1860, 0x00007f9c681dd7b0,
0x00007f9c684e8530, 0x00007f9c684ef9a0, 0x00007f9c686e3ae0, 0x00007f9c687ef4c0,
0x00007f9c68856990, 0x00007f9c688aa310, 0x00007f9c68522030, 0x00007f9c6856c7c0,
0x00007f9c684222e0, 0x00007f9c699b6800, 0x00007f9c69c87720, 0x00007f9c69eaea60,
0x00007f9c7803e910, 0x00007f9c946f58b0, 0x00007f9c78149810, 0x00007f9c7814c2a0,
0x00007f9c78153330, 0x00007f9c78170670, 0x00007f9c948814b0, 0x00007f9c9487fe40,
0x00007f9c7816ccf0, 0x00007f9c7816f420, 0x00007f9c78174880, 0x00007f9c953666e0,
0x00007f9c95368f40, 0x00007f9c78180cb0, 0x00007f9c78183a30, 0x00007f9c7817a630,
0x00007f9c78216f00, 0x00007f9c9412adf0, 0x00007f9c95362ae0, 0x00007f9c94126d50,
0x00007f9c0c016000, 0x00007f9c28004d20, 0x00007f9c34003ec0, 0x00007f9c78151320,
0x00007f9c3c016fd0, 0x00007f9c3c018950, 0x00007f9c3c01a280
}

Java Threads: ( => current thread )
  0x00007f9c9401aa10 JavaThread "main" [_thread_blocked, id=13714, stack(0x00007f9c99cf7000,0x00007f9c99df7000)]
  0x00007f9c940ab1b0 JavaThread "Reference Handler" daemon [_thread_blocked, id=13724, stack(0x00007f9c6dc52000,0x00007f9c6dd52000)]
  0x00007f9c940ac590 JavaThread "Finalizer" daemon [_thread_blocked, id=13725, stack(0x00007f9c6db51000,0x00007f9c6dc51000)]
  0x00007f9c940b33c0 JavaThread "Signal Dispatcher" daemon [_thread_blocked, id=13726, stack(0x00007f9c6d9f9000,0x00007f9c6daf9000)]
  0x00007f9c940b4770 JavaThread "Service Thread" daemon [_thread_blocked, id=13727, stack(0x00007f9c6d8f8000,0x00007f9c6d9f8000)]
  0x00007f9c940b5b80 JavaThread "Monitor Deflation Thread" daemon [_thread_blocked, id=13728, stack(0x00007f9c6d7f7000,0x00007f9c6d8f7000)]
  0x00007f9c940b7530 JavaThread "C2 CompilerThread0" daemon [_thread_blocked, id=13729, stack(0x00007f9c6d6f6000,0x00007f9c6d7f6000)]
  0x00007f9c940b8a60 JavaThread "C1 CompilerThread0" daemon [_thread_blocked, id=13730, stack(0x00007f9c6d5f5000,0x00007f9c6d6f5000)]
  0x00007f9c940b9ed0 JavaThread "Sweeper thread" daemon [_thread_blocked, id=13731, stack(0x00007f9c6d4f4000,0x00007f9c6d5f4000)]
  0x00007f9c940c5500 JavaThread "Common-Cleaner" daemon [_thread_blocked, id=13732, stack(0x00007f9c6d3f3000,0x00007f9c6d4f3000)]
  0x00007f9c941aebf0 JavaThread "Notification Thread" daemon [_thread_blocked, id=13733, stack(0x00007f9c6d2f2000,0x00007f9c6d3f2000)]
  0x00007f9c95289d10 JavaThread "Daemon health stats" [_thread_blocked, id=13741, stack(0x00007f9c6c900000,0x00007f9c6ca00000)]
  0x00007f9c952f4190 JavaThread "Incoming local TCP Connector on port 45471" [_thread_in_native, id=13742, stack(0x00007f9c6c7ff000,0x00007f9c6c8ff000)]
  0x00007f9c95327e70 JavaThread "Daemon periodic checks" [_thread_blocked, id=13743, stack(0x00007f9c6c6fe000,0x00007f9c6c7fe000)]
  0x00007f9c300171d0 JavaThread "Daemon" [_thread_blocked, id=13745, stack(0x00007f9c6c5fd000,0x00007f9c6c6fd000)]
  0x00007f9c380064e0 JavaThread "Handler for socket connection from /127.0.0.1:45471 to /127.0.0.1:54790" [_thread_in_native, id=13746, stack(0x00007f9c6c4fc000,0x00007f9c6c5fc000)]
  0x00007f9c38008f80 JavaThread "Cancel handler" [_thread_blocked, id=13747, stack(0x00007f9c6c3fb000,0x00007f9c6c4fb000)]
  0x00007f9c3800b2f0 JavaThread "Daemon worker" [_thread_blocked, id=13748, stack(0x00007f9c6c2fa000,0x00007f9c6c3fa000)]
  0x00007f9c68009d90 JavaThread "Asynchronous log dispatcher for DefaultDaemonConnection: socket connection from /127.0.0.1:45471 to /127.0.0.1:54790" [_thread_blocked, id=13749, stack(0x00007f9c6c1f9000,0x00007f9c6c2f9000)]
  0x00007f9c6800cb30 JavaThread "Stdin handler" [_thread_blocked, id=13750, stack(0x00007f9c6c0f8000,0x00007f9c6c1f8000)]
  0x00007f9c6800e5d0 JavaThread "Daemon client event forwarder" [_thread_blocked, id=13751, stack(0x00007f9c44f00000,0x00007f9c45000000)]
  0x00007f9c6819a070 JavaThread "Cache worker for journal cache (/tmp/gradle_home/caches/journal-1)" [_thread_blocked, id=13753, stack(0x00007f9c44dff000,0x00007f9c44eff000)]
  0x00007f9c681a1860 JavaThread "File lock request listener" [_thread_in_native, id=13754, stack(0x00007f9c44cfe000,0x00007f9c44dfe000)]
  0x00007f9c681dd7b0 JavaThread "Cache worker for file hash cache (/tmp/gradle_home/caches/8.9/fileHashes)" [_thread_blocked, id=13755, stack(0x00007f9c44bfd000,0x00007f9c44cfd000)]
  0x00007f9c684e8530 JavaThread "Cache worker for file hash cache (/workspace/.gradle/8.9/fileHashes)" [_thread_blocked, id=13758, stack(0x00007f9c44afc000,0x00007f9c44bfc000)]
  0x00007f9c684ef9a0 JavaThread "Cache worker for Build Output Cleanup Cache (/workspace/.gradle/buildOutputCleanup)" [_thread_blocked, id=13759, stack(0x00007f9c449fb000,0x00007f9c44afb000)]
  0x00007f9c686e3ae0 JavaThread "Cache worker for checksums cache (/workspace/.gradle/8.9/checksums)" [_thread_blocked, id=13762, stack(0x00007f9c448fa000,0x00007f9c449fa000)]
  0x00007f9c687ef4c0 JavaThread "Cache worker for file content cache (/tmp/gradle_home/caches/8.9/fileContent)" [_thread_blocked, id=13763, stack(0x00007f9c447f9000,0x00007f9c448f9000)]
  0x00007f9c68856990 JavaThread "Cache worker for cache directory md-rule (/tmp/gradle_home/caches/8.9/md-rule)" [_thread_blocked, id=13764, stack(0x00007f9c446f8000,0x00007f9c447f8000)]
  0x00007f9c688aa310 JavaThread "Cache worker for cache directory md-supplier (/tmp/gradle_home/caches/8.9/md-supplier)" [_thread_blocked, id=13766, stack(0x00007f9c445f7000,0x00007f9c446f7000)]
  0x00007f9c68522030 JavaThread "Unconstrained build operations" [_thread_blocked, id=13777, stack(0x00007f9c444f6000,0x00007f9c445f6000)]
  0x00007f9c6856c7c0 JavaThread "Unconstrained build operations Thread 2" [_thread_blocked, id=13778, stack(0x00007f9c443f5000,0x00007f9c444f5000)]
  0x00007f9c684222e0 JavaThread "Unconstrained build operations Thread 3" [_thread_blocked, id=13780, stack(0x00007f9c442f4000,0x00007f9c443f4000)]
  0x00007f9c699b6800 JavaThread "Memory manager" [_thread_blocked, id=13790, stack(0x00007f9c441f3000,0x00007f9c442f3000)]
  0x00007f9c69c87720 JavaThread "build event listener" [_thread_blocked, id=13795, stack(0x00007f9c440f2000,0x00007f9c441f2000)]
  0x00007f9c69eaea60 JavaThread "included builds" [_thread_blocked, id=13811, stack(0x00007f9c1bdff000,0x00007f9c1beff000)]
  0x00007f9c7803e910 JavaThread "Execution worker" [_thread_blocked, id=13812, stack(0x00007f9c1bcfe000,0x00007f9c1bdfe000)]
  0x00007f9c946f58b0 JavaThread "Cache worker for execution history cache (/workspace/.gradle/8.9/executionHistory)" [_thread_blocked, id=13813, stack(0x00007f9c1bbfd000,0x00007f9c1bcfd000)]
  0x00007f9c78149810 JavaThread "Unconstrained build operations Thread 4" [_thread_blocked, id=13816, stack(0x00007f9c1bafc000,0x00007f9c1bbfc000)]
  0x00007f9c7814c2a0 JavaThread "Unconstrained build operations Thread 5" [_thread_blocked, id=13819, stack(0x00007f9c1b9fb000,0x00007f9c1bafb000)]
  0x00007f9c78153330 JavaThread "Unconstrained build operations Thread 6" [_thread_blocked, id=13821, stack(0x00007f9c1b8fa000,0x00007f9c1b9fa000)]
  0x00007f9c78170670 JavaThread "Unconstrained build operations Thread 7" [_thread_blocked, id=13822, stack(0x00007f9c1b7f9000,0x00007f9c1b8f9000)]
  0x00007f9c948814b0 JavaThread "Unconstrained build operations Thread 8" [_thread_blocked, id=13823, stack(0x00007f9c1b6f8000,0x00007f9c1b7f8000)]
  0x00007f9c9487fe40 JavaThread "Unconstrained build operations Thread 9" [_thread_blocked, id=13825, stack(0x00007f9c1b5f7000,0x00007f9c1b6f7000)]
  0x00007f9c7816ccf0 JavaThread "Unconstrained build operations Thread 10" [_thread_blocked, id=13826, stack(0x00007f9c1b4f6000,0x00007f9c1b5f6000)]
  0x00007f9c7816f420 JavaThread "Unconstrained build operations Thread 11" [_thread_blocked, id=13827, stack(0x00007f9c1b3f5000,0x00007f9c1b4f5000)]
  0x00007f9c78174880 JavaThread "Unconstrained build operations Thread 12" [_thread_blocked, id=13828, stack(0x00007f9c1b2f4000,0x00007f9c1b3f4000)]
  0x00007f9c953666e0 JavaThread "Unconstrained build operations Thread 13" [_thread_blocked, id=13830, stack(0x00007f9c1b1f3000,0x00007f9c1b2f3000)]
  0x00007f9c95368f40 JavaThread "Unconstrained build operations Thread 14" [_thread_blocked, id=13831, stack(0x00007f9c1b0f2000,0x00007f9c1b1f2000)]
  0x00007f9c78180cb0 JavaThread "Unconstrained build operations Thread 15" [_thread_blocked, id=13832, stack(0x00007f9c1aff1000,0x00007f9c1b0f1000)]
  0x00007f9c78183a30 JavaThread "Unconstrained build operations Thread 16" [_thread_blocked, id=13834, stack(0x00007f9c1aef0000,0x00007f9c1aff0000)]
  0x00007f9c7817a630 JavaThread "Unconstrained build operations Thread 17" [_thread_blocked, id=13835, stack(0x00007f9c1adef000,0x00007f9c1aeef000)]
  0x00007f9c78216f00 JavaThread "WorkerExecutor Queue" [_thread_blocked, id=13838, stack(0x00007f9c1acee000,0x00007f9c1adee000)]
  0x00007f9c9412adf0 JavaThread "Unconstrained build operations Thread 18" [_thread_blocked, id=13839, stack(0x00007f9c1abed000,0x00007f9c1aced000)]
  0x00007f9c95362ae0 JavaThread "Unconstrained build operations Thread 19" [_thread_blocked, id=13842, stack(0x00007f9c1a9eb000,0x00007f9c1aaeb000)]
  0x00007f9c94126d50 JavaThread "Unconstrained build operations Thread 20" [_thread_blocked, id=13843, stack(0x00007f9c1a8ea000,0x00007f9c1a9ea000)]
  0x00007f9c0c016000 JavaThread "WorkerExecutor Queue Thread 2" [_thread_blocked, id=14021, stack(0x00007f9c1aaec000,0x00007f9c1abec000)]
  0x00007f9c28004d20 JavaThread "ForkJoinPool-1-worker-1" daemon [_thread_blocked, id=14025, stack(0x00007f9c1bf00000,0x00007f9c1c000000)]
  0x00007f9c34003ec0 JavaThread "ForkJoinPool-1-worker-2" daemon [_thread_blocked, id=14026, stack(0x00007f9c1a7e9000,0x00007f9c1a8e9000)]
  0x00007f9c78151320 JavaThread "Exec process" [_thread_blocked, id=14031, stack(0x00007f9c1a6e8000,0x00007f9c1a7e8000)]
  0x00007f9c3c016fd0 JavaThread "process reaper (pid 14032)" daemon [_thread_in_native, id=14034, stack(0x00007f9c6d0cd000,0x00007f9c6d0ef000)]
  0x00007f9c3c018950 JavaThread "Exec process Thread 2" [_thread_in_native, id=14035, stack(0x00007f9c1a5e7000,0x00007f9c1a6e7000)]
  0x00007f9c3c01a280 JavaThread "Exec process Thread 3" [_thread_in_native, id=14036, stack(0x00007f9c1a4e6000,0x00007f9c1a5e6000)]

Other Threads:
=>0x00007f9c940a70b0 VMThread "VM Thread" [stack: 0x00007f9c6dd53000,0x00007f9c6de53000] [id=13723]
  0x00007f9c9401cd80 WatcherThread [stack: 0x00007f9c6d1f1000,0x00007f9c6d2f1000] [id=13734]
  0x00007f9c94056fd0 GCTaskThread "GC Thread#0" [stack: 0x00007f9c981ae000,0x00007f9c982ae000] [id=13715]
  0x00007f9c40004990 GCTaskThread "GC Thread#1" [stack: 0x00007f9c6d0f0000,0x00007f9c6d1f0000] [id=13735]
  0x00007f9c940605b0 ConcurrentGCThread "G1 Main Marker" [stack: 0x00007f9c980ad000,0x00007f9c981ad000] [id=13716]
  0x00007f9c94061520 ConcurrentGCThread "G1 Conc#0" [stack: 0x00007f9c7c411000,0x00007f9c7c511000] [id=13717]
  0x00007f9c94080150 ConcurrentGCThread "G1 Refine#0" [stack: 0x00007f9c7c10e000,0x00007f9c7c20e000] [id=13718]
  0x00007f9c68000ea0 ConcurrentGCThread "G1 Refine#1" [stack: 0x00007f9c6cd00000,0x00007f9c6ce00000] [id=13738]
  0x00007f9c94081050 ConcurrentGCThread "G1 Service" [stack: 0x00007f9c7c00d000,0x00007f9c7c10d000] [id=13719]

Threads with active compile tasks:
C2 CompilerThread0  129182 42962 % !   4       com.android.tools.r8.dex.C::k @ 99 (2698 bytes)

VM state: at safepoint (normal execution)

VM Mutex/Monitor currently owned by a thread:  ([mutex/lock_event])
[0x00007f9c94017800] Threads_lock - owner thread: 0x00007f9c940a70b0
[0x00007f9c94017fb0] Heap_lock - owner thread: 0x00007f9c940605b0

Heap address: 0x00000000c0000000, size: 1024 MB, Compressed Oops mode: 32-bit

CDS archive(s) mapped at: [0x00007f9c45000000-0x00007f9c45bca000-0x00007f9c45bca000), size 12361728, SharedBaseAddress: 0x00007f9c45000000, ArchiveRelocationMode: 1.
Compressed class space mapped at: 0x00007f9c46000000-0x00007f9c60000000, reserved size: 436207616
Narrow klass base: 0x00007f9c45000000, Narrow klass shift: 0, Narrow klass range: 0x100000000

GC Precious Log:
 CPUs: 2 total, 2 available
 Memory: 2048M
 Large Page Support: Disabled
 NUMA Support: Disabled
 Compressed Oops: Enabled (32-bit)
 Heap Region Size: 1M
 Heap Min Capacity: 8M
 Heap Initial Capacity: 32M
 Heap Max Capacity: 1G
 Pre-touch: Disabled
 Parallel Workers: 2
 Concurrent Workers: 1
 Concurrent Refinement Workers: 2
 Periodic GC: Disabled

Heap:
 garbage-first heap   total 571392K, used 407476K [0x00000000c0000000, 0x0000000100000000)
  region size 1024K, 32 young (32768K), 7 survivors (7168K)
 Metaspace       used 201441K, committed 202496K, reserved 622592K
  class space    used 24972K, committed 25472K, reserved 425984K

Heap Regions: E=young(eden), S=young(survivor), O=old, HS=humongous(starts), HC=humongous(continues), CS=collection set, F=free, OA=open archive, CA=closed archive, TAMS=top-at-mark-start (previous, next)
|   0|0x00000000c0000000, 0x00000000c0100000, 0x00000000c0100000|100%|HS|  |TAMS 0x00000000c0100000, 0x00000000c0000000| Complete 
|   1|0x00000000c0100000, 0x00000000c0200000, 0x00000000c0200000|100%|HC|  |TAMS 0x00000000c0200000, 0x00000000c0100000| Complete 
|   2|0x00000000c0200000, 0x00000000c0300000, 0x00000000c0300000|100%|HC|  |TAMS 0x00000000c0300000, 0x00000000c0200000| Complete 
|   3|0x00000000c0300000, 0x00000000c0400000, 0x00000000c0400000|100%|HC|  |TAMS 0x00000000c0400000, 0x00000000c0300000| Complete 
|   4|0x00000000c0400000, 0x00000000c0500000, 0x00000000c0500000|100%| O|  |TAMS 0x00000000c0500000, 0x00000000c0400000| Updating 
|   5|0x00000000c0500000, 0x00000000c0600000, 0x00000000c0600000|100%| O|  |TAMS 0x00000000c0600000, 0x00000000c0500000| Untracked 
|   6|0x00000000c0600000, 0x00000000c0700000, 0x00000000c0700000|100%| O|  |TAMS 0x00000000c0700000, 0x00000000c0600000| Untracked 
|   7|0x00000000c0700000, 0x00000000c0800000, 0x00000000c0800000|100%| O|  |TAMS 0x00000000c0800000, 0x00000000c0700000| Updating 
|   8|0x00000000c0800000, 0x00000000c0900000, 0x00000000c0900000|100%| O|  |TAMS 0x00000000c0900000, 0x00000000c0800000| Updating 
|   9|0x00000000c0900000, 0x00000000c0a00000, 0x00000000c0a00000|100%| O|  |TAMS 0x00000000c0a00000, 0x00000000c0900000| Untracked 
|  10|0x00000000c0a00000, 0x00000000c0b00000, 0x00000000c0b00000|100%|HS|  |TAMS 0x00000000c0b00000, 0x00000000c0a00000| Complete 
|  11|0x00000000c0b00000, 0x00000000c0c00000, 0x00000000c0c00000|100%| O|  |TAMS 0x00000000c0c00000, 0x00000000c0b00000| Untracked 
|  12|0x00000000c0c00000, 0x00000000c0d00000, 0x00000000c0d00000|100%| O|  |TAMS 0x00000000c0d00000, 0x00000000c0c00000| Untracked 
|  13|0x00000000c0d00000, 0x00000000c0e00000, 0x00000000c0e00000|100%| O|  |TAMS 0x00000000c0e00000, 0x00000000c0d00000| Untracked 
|  14|0x00000000c0e00000, 0x00000000c0f00000, 0x00000000c0f00000|100%| O|  |TAMS 0x00000000c0f00000, 0x00000000c0e00000| Untracked 
|  15|0x00000000c0f00000, 0x00000000c1000000, 0x00000000c1000000|100%| O|  |TAMS 0x00000000c1000000, 0x00000000c0f00000| Untracked 
|  16|0x00000000c1000000, 0x00000000c1100000, 0x00000000c1100000|100%| O|  |TAMS 0x00000000c1100000, 0x00000000c1000000| Untracked 
|  17|0x00000000c1100000, 0x00000000c1200000, 0x00000000c1200000|100%| O|  |TAMS 0x00000000c1200000, 0x00000000c1100000| Untracked 
|  18|0x00000000c1200000, 0x00000000c1300000, 0x00000000c1300000|100%| O|  |TAMS 0x00000000c1300000, 0x00000000c1200000| Untracked 
|  19|0x00000000c1300000, 0x00000000c1400000, 0x00000000c1400000|100%| O|  |TAMS 0x00000000c1400000, 0x00000000c1300000| Updating 
|  20|0x00000000c1400000, 0x00000000c1500000, 0x00000000c1500000|100%| O|  |TAMS 0x00000000c1500000, 0x00000000c1400000| Untracked 
|  21|0x00000000c1500000, 0x00000000c1600000, 0x00000000c1600000|100%| O|  |TAMS 0x00000000c1600000, 0x00000000c1500000| Untracked 
|  22|0x00000000c1600000, 0x00000000c1700000, 0x00000000c1700000|100%| O|  |TAMS 0x00000000c1700000, 0x00000000c1600000| Untracked 
|  23|0x00000000c1700000, 0x00000000c1800000, 0x00000000c1800000|100%| O|  |TAMS 0x00000000c1800000, 0x00000000c1700000| Untracked 
|  24|0x00000000c1800000, 0x00000000c1900000, 0x00000000c1900000|100%| O|  |TAMS 0x00000000c1900000, 0x00000000c1800000| Untracked 
|  25|0x00000000c1900000, 0x00000000c1a00000, 0x00000000c1a00000|100%| O|  |TAMS 0x00000000c1a00000, 0x00000000c1900000| Untracked 
|  26|0x00000000c1a00000, 0x00000000c1b00000, 0x00000000c1b00000|100%| O|  |TAMS 0x00000000c1b00000, 0x00000000c1a00000| Untracked 
|  27|0x00000000c1b00000, 0x00000000c1c00000, 0x00000000c1c00000|100%| O|  |TAMS 0x00000000c1c00000, 0x00000000c1b00000| Untracked 
|  28|0x00000000c1c00000, 0x00000000c1d00000, 0x00000000c1d00000|100%| O|  |TAMS 0x00000000c1d00000, 0x00000000c1c00000| Untracked 
|  29|0x00000000c1d00000, 0x00000000c1e00000, 0x00000000c1e00000|100%| O|  |TAMS 0x00000000c1e00000, 0x00000000c1d00000| Updating 
|  30|0x00000000c1e00000, 0x00000000c1f00000, 0x00000000c1f00000|100%| O|  |TAMS 0x00000000c1f00000, 0x00000000c1e00000| Untracked 
|  31|0x00000000c1f00000, 0x00000000c2000000, 0x00000000c2000000|100%| O|  |TAMS 0x00000000c2000000, 0x00000000c1f00000| Updating 
|  32|0x00000000c2000000, 0x00000000c2100000, 0x00000000c2100000|100%| O|  |TAMS 0x00000000c2100000, 0x00000000c2000000| Untracked 
|  33|0x00000000c2100000, 0x00000000c2200000, 0x00000000c2200000|100%| O|  |TAMS 0x00000000c2200000, 0x00000000c2100000| Untracked 
|  34|0x00000000c2200000, 0x00000000c2300000, 0x00000000c2300000|100%| O|  |TAMS 0x00000000c2300000, 0x00000000c2200000| Untracked 
|  35|0x00000000c2300000, 0x00000000c2400000, 0x00000000c2400000|100%| O|  |TAMS 0x00000000c2400000, 0x00000000c2300000| Untracked 
|  36|0x00000000c2400000, 0x00000000c2500000, 0x00000000c2500000|100%|HS|  |TAMS 0x00000000c2500000, 0x00000000c2400000| Complete 
|  37|0x00000000c2500000, 0x00000000c2600000, 0x00000000c2600000|100%|HS|  |TAMS 0x00000000c2600000, 0x00000000c2500000| Complete 
|  38|0x00000000c2600000, 0x00000000c2700000, 0x00000000c2700000|100%|HS|  |TAMS 0x00000000c2700000, 0x00000000c2600000| Complete 
|  39|0x00000000c2700000, 0x00000000c2800000, 0x00000000c2800000|100%|HC|  |TAMS 0x00000000c2800000, 0x00000000c2700000| Complete 
|  40|0x00000000c2800000, 0x00000000c2900000, 0x00000000c2900000|100%|HS|  |TAMS 0x00000000c2900000, 0x00000000c2800000| Complete 
|  41|0x00000000c2900000, 0x00000000c2a00000, 0x00000000c2a00000|100%|HC|  |TAMS 0x00000000c2a00000, 0x00000000c2900000| Complete 
|  42|0x00000000c2a00000, 0x00000000c2b00000, 0x00000000c2b00000|100%|HS|  |TAMS 0x00000000c2b00000, 0x00000000c2a00000| Complete 
|  43|0x00000000c2b00000, 0x00000000c2c00000, 0x00000000c2c00000|100%|HS|  |TAMS 0x00000000c2c00000, 0x00000000c2b00000| Complete 
|  44|0x00000000c2c00000, 0x00000000c2d00000, 0x00000000c2d00000|100%|HC|  |TAMS 0x00000000c2d00000, 0x00000000c2c00000| Complete 
|  45|0x00000000c2d00000, 0x00000000c2e00000, 0x00000000c2e00000|100%|HC|  |TAMS 0x00000000c2e00000, 0x00000000c2d00000| Complete 
|  46|0x00000000c2e00000, 0x00000000c2f00000, 0x00000000c2f00000|100%|HS|  |TAMS 0x00000000c2f00000, 0x00000000c2e00000| Complete 
|  47|0x00000000c2f00000, 0x00000000c3000000, 0x00000000c3000000|100%| O|  |TAMS 0x00000000c3000000, 0x00000000c2f00000| Untracked 
|  48|0x00000000c3000000, 0x00000000c3100000, 0x00000000c3100000|100%|HS|  |TAMS 0x00000000c3100000, 0x00000000c3000000| Complete 
|  49|0x00000000c3100000, 0x00000000c3200000, 0x00000000c3200000|100%|HS|  |TAMS 0x00000000c3200000, 0x00000000c3100000| Complete 
|  50|0x00000000c3200000, 0x00000000c3300000, 0x00000000c3300000|100%| O|  |TAMS 0x00000000c3300000, 0x00000000c3200000| Untracked 
|  51|0x00000000c3300000, 0x00000000c3400000, 0x00000000c3400000|100%| O|  |TAMS 0x00000000c3400000, 0x00000000c3300000| Untracked 
|  52|0x00000000c3400000, 0x00000000c3500000, 0x00000000c3500000|100%| O|  |TAMS 0x00000000c3500000, 0x00000000c3400000| Untracked 
|  53|0x00000000c3500000, 0x00000000c3600000, 0x00000000c3600000|100%| O|  |TAMS 0x00000000c3600000, 0x00000000c3500000| Untracked 
|  54|0x00000000c3600000, 0x00000000c3700000, 0x00000000c3700000|100%| O|  |TAMS 0x00000000c3700000, 0x00000000c3600000| Untracked 
|  55|0x00000000c3700000, 0x00000000c3800000, 0x00000000c3800000|100%| O|  |TAMS 0x00000000c3800000, 0x00000000c3700000| Untracked 
|  56|0x00000000c3800000, 0x00000000c3900000, 0x00000000c3900000|100%| O|  |TAMS 0x00000000c3900000, 0x00000000c3800000| Untracked 
|  57|0x00000000c3900000, 0x00000000c3a00000, 0x00000000c3a00000|100%| O|  |TAMS 0x00000000c3a00000, 0x00000000c3900000| Untracked 
|  58|0x00000000c3a00000, 0x00000000c3b00000, 0x00000000c3b00000|100%| O|  |TAMS 0x00000000c3b00000, 0x00000000c3a00000| Untracked 
|  59|0x00000000c3b00000, 0x00000000c3c00000, 0x00000000c3c00000|100%| O|  |TAMS 0x00000000c3c00000, 0x00000000c3b00000| Untracked 
|  60|0x00000000c3c00000, 0x00000000c3d00000, 0x00000000c3d00000|100%| O|  |TAMS 0x00000000c3d00000, 0x00000000c3c00000| Untracked 
|  61|0x00000000c3d00000, 0x00000000c3e00000, 0x00000000c3e00000|100%| O|  |TAMS 0x00000000c3e00000, 0x00000000c3d00000| Untracked 
|  62|0x00000000c3e00000, 0x00000000c3f00000, 0x00000000c3f00000|100%| O|  |TAMS 0x00000000c3f00000, 0x00000000c3e00000| Updating 
|  63|0x00000000c3f00000, 0x00000000c4000000, 0x00000000c4000000|100%|HS|  |TAMS 0x00000000c4000000, 0x00000000c3f00000| Complete 
|  64|0x00000000c4000000, 0x00000000c4100000, 0x00000000c4100000|100%| O|  |TAMS 0x00000000c4100000, 0x00000000c4000000| Untracked 
|  65|0x00000000c4100000, 0x00000000c4200000, 0x00000000c4200000|100%| O|  |TAMS 0x00000000c4200000, 0x00000000c4100000| Untracked 
|  66|0x00000000c4200000, 0x00000000c4300000, 0x00000000c4300000|100%| O|  |TAMS 0x00000000c4300000, 0x00000000c4200000| Untracked 
|  67|0x00000000c4300000, 0x00000000c4400000, 0x00000000c4400000|100%| O|  |TAMS 0x00000000c4400000, 0x00000000c4300000| Untracked 
|  68|0x00000000c4400000, 0x00000000c4500000, 0x00000000c4500000|100%| O|  |TAMS 0x00000000c4500000, 0x00000000c4400000| Untracked 
|  69|0x00000000c4500000, 0x00000000c4600000, 0x00000000c4600000|100%|HS|  |TAMS 0x00000000c4600000, 0x00000000c4500000| Complete 
|  70|0x00000000c4600000, 0x00000000c4700000, 0x00000000c4700000|100%|HC|  |TAMS 0x00000000c4700000, 0x00000000c4600000| Complete 
|  71|0x00000000c4700000, 0x00000000c4800000, 0x00000000c4800000|100%|HC|  |TAMS 0x00000000c4800000, 0x00000000c4700000| Complete 
|  72|0x00000000c4800000, 0x00000000c4900000, 0x00000000c4900000|100%| O|  |TAMS 0x00000000c4900000, 0x00000000c4800000| Untracked 
|  73|0x00000000c4900000, 0x00000000c4a00000, 0x00000000c4a00000|100%| O|  |TAMS 0x00000000c4a00000, 0x00000000c4900000| Untracked 
|  74|0x00000000c4a00000, 0x00000000c4b00000, 0x00000000c4b00000|100%| O|  |TAMS 0x00000000c4b00000, 0x00000000c4a00000| Untracked 
|  75|0x00000000c4b00000, 0x00000000c4c00000, 0x00000000c4c00000|100%| O|  |TAMS 0x00000000c4c00000, 0x00000000c4b00000| Updating 
|  76|0x00000000c4c00000, 0x00000000c4d00000, 0x00000000c4d00000|100%| O|  |TAMS 0x00000000c4d00000, 0x00000000c4c00000| Updating 
|  77|0x00000000c4d00000, 0x00000000c4e00000, 0x00000000c4e00000|100%| O|  |TAMS 0x00000000c4e00000, 0x00000000c4d00000| Untracked 
|  78|0x00000000c4e00000, 0x00000000c4f00000, 0x00000000c4f00000|100%| O|  |TAMS 0x00000000c4f00000, 0x00000000c4e00000| Untracked 
|  79|0x00000000c4f00000, 0x00000000c5000000, 0x00000000c5000000|100%| O|  |TAMS 0x00000000c5000000, 0x00000000c4f00000| Untracked 
|  80|0x00000000c5000000, 0x00000000c5100000, 0x00000000c5100000|100%| O|  |TAMS 0x00000000c5100000, 0x00000000c5000000| Untracked 
|  81|0x00000000c5100000, 0x00000000c5200000, 0x00000000c5200000|100%| O|  |TAMS 0x00000000c5200000, 0x00000000c5100000| Untracked 
|  82|0x00000000c5200000, 0x00000000c5300000, 0x00000000c5300000|100%| O|  |TAMS 0x00000000c5300000, 0x00000000c5200000| Updating 
|  83|0x00000000c5300000, 0x00000000c5400000, 0x00000000c5400000|100%| O|  |TAMS 0x00000000c5400000, 0x00000000c5300000| Untracked 
|  84|0x00000000c5400000, 0x00000000c5500000, 0x00000000c5500000|100%| O|  |TAMS 0x00000000c5500000, 0x00000000c5400000| Untracked 
|  85|0x00000000c5500000, 0x00000000c5600000, 0x00000000c5600000|100%| O|  |TAMS 0x00000000c5600000, 0x00000000c5500000| Untracked 
|  86|0x00000000c5600000, 0x00000000c5700000, 0x00000000c5700000|100%| O|  |TAMS 0x00000000c5700000, 0x00000000c5600000| Updating 
|  87|0x00000000c5700000, 0x00000000c5800000, 0x00000000c5800000|100%| O|  |TAMS 0x00000000c5800000, 0x00000000c5700000| Untracked 
|  88|0x00000000c5800000, 0x00000000c5900000, 0x00000000c5900000|100%| O|  |TAMS 0x00000000c5900000, 0x00000000c5800000| Untracked 
|  89|0x00000000c5900000, 0x00000000c5a00000, 0x00000000c5a00000|100%| O|  |TAMS 0x00000000c5a00000, 0x00000000c5900000| Untracked 
|  90|0x00000000c5a00000, 0x00000000c5b00000, 0x00000000c5b00000|100%| O|  |TAMS 0x00000000c5b00000, 0x00000000c5a00000| Updating 
|  91|0x00000000c5b00000, 0x00000000c5c00000, 0x00000000c5c00000|100%| O|  |TAMS 0x00000000c5c00000, 0x00000000c5b00000| Updating 
|  92|0x00000000c5c00000, 0x00000000c5d00000, 0x00000000c5d00000|100%| O|  |TAMS 0x00000000c5d00000, 0x00000000c5c00000| Updating 
|  93|0x00000000c5d00000, 0x00000000c5e00000, 0x00000000c5e00000|100%| O|  |TAMS 0x00000000c5e00000, 0x00000000c5d00000| Updating 
|  94|0x00000000c5e00000, 0x00000000c5f00000, 0x00000000c5f00000|100%| O|  |TAMS 0x00000000c5f00000, 0x00000000c5e00000| Updating 
|  95|0x00000000c5f00000, 0x00000000c5f00000, 0x00000000c6000000|  0%| F|  |TAMS 0x00000000c5f00000, 0x00000000c5f00000| Untracked 
|  96|0x00000000c6000000, 0x00000000c6100000, 0x00000000c6100000|100%| O|  |TAMS 0x00000000c6100000, 0x00000000c6000000| Untracked 
|  97|0x00000000c6100000, 0x00000000c6200000, 0x00000000c6200000|100%| O|  |TAMS 0x00000000c6200000, 0x00000000c6100000| Untracked 
|  98|0x00000000c6200000, 0x00000000c6300000, 0x00000000c6300000|100%| O|  |TAMS 0x00000000c6300000, 0x00000000c6200000| Updating 
|  99|0x00000000c6300000, 0x00000000c6400000, 0x00000000c6400000|100%| O|  |TAMS 0x00000000c6400000, 0x00000000c6300000| Updating 
| 100|0x00000000c6400000, 0x00000000c6500000, 0x00000000c6500000|100%| O|  |TAMS 0x00000000c6500000, 0x00000000c6400000| Updating 
| 101|0x00000000c6500000, 0x00000000c6600000, 0x00000000c6600000|100%| O|  |TAMS 0x00000000c6600000, 0x00000000c6500000| Updating 
| 102|0x00000000c6600000, 0x00000000c6700000, 0x00000000c6700000|100%| O|  |TAMS 0x00000000c6700000, 0x00000000c6600000| Updating 
| 103|0x00000000c6700000, 0x00000000c6800000, 0x00000000c6800000|100%| O|  |TAMS 0x00000000c6800000, 0x00000000c6700000| Updating 
| 104|0x00000000c6800000, 0x00000000c6900000, 0x00000000c6900000|100%| O|  |TAMS 0x00000000c6900000, 0x00000000c6800000| Updating 
| 105|0x00000000c6900000, 0x00000000c6a00000, 0x00000000c6a00000|100%| O|  |TAMS 0x00000000c6a00000, 0x00000000c6900000| Updating 
| 106|0x00000000c6a00000, 0x00000000c6b00000, 0x00000000c6b00000|100%| O|  |TAMS 0x00000000c6b00000, 0x00000000c6a00000| Updating 
| 107|0x00000000c6b00000, 0x00000000c6c00000, 0x00000000c6c00000|100%| O|  |TAMS 0x00000000c6c00000, 0x00000000c6b00000| Updating 
| 108|0x00000000c6c00000, 0x00000000c6d00000, 0x00000000c6d00000|100%| O|  |TAMS 0x00000000c6d00000, 0x00000000c6c00000| Updating 
| 109|0x00000000c6d00000, 0x00000000c6e00000, 0x00000000c6e00000|100%| O|  |TAMS 0x00000000c6e00000, 0x00000000c6d00000| Updating 
| 110|0x00000000c6e00000, 0x00000000c6f00000, 0x00000000c6f00000|100%| O|  |TAMS 0x00000000c6f00000, 0x00000000c6e00000| Updating 
| 111|0x00000000c6f00000, 0x00000000c6f00000, 0x00000000c7000000|  0%| F|  |TAMS 0x00000000c6f00000, 0x00000000c6f00000| Untracked 
| 112|0x00000000c7000000, 0x00000000c7000000, 0x00000000c7100000|  0%| F|  |TAMS 0x00000000c7000000, 0x00000000c7000000| Untracked 
| 113|0x00000000c7100000, 0x00000000c7100000, 0x00000000c7200000|  0%| F|  |TAMS 0x00000000c7100000, 0x00000000c7100000| Untracked 
| 114|0x00000000c7200000, 0x00000000c7300000, 0x00000000c7300000|100%| O|  |TAMS 0x00000000c7300000, 0x00000000c7200000| Updating 
| 115|0x00000000c7300000, 0x00000000c7400000, 0x00000000c7400000|100%| O|  |TAMS 0x00000000c7400000, 0x00000000c7300000| Updating 
| 116|0x00000000c7400000, 0x00000000c7500000, 0x00000000c7500000|100%| O|  |TAMS 0x00000000c7500000, 0x00000000c7400000| Updating 
| 117|0x00000000c7500000, 0x00000000c7500000, 0x00000000c7600000|  0%| F|  |TAMS 0x00000000c7500000, 0x00000000c7500000| Untracked 
| 118|0x00000000c7600000, 0x00000000c7600000, 0x00000000c7700000|  0%| F|  |TAMS 0x00000000c7600000, 0x00000000c7600000| Untracked 
| 119|0x00000000c7700000, 0x00000000c7800000, 0x00000000c7800000|100%| O|  |TAMS 0x00000000c7800000, 0x00000000c7700000| Updating 
| 120|0x00000000c7800000, 0x00000000c7900000, 0x00000000c7900000|100%| O|  |TAMS 0x00000000c7900000, 0x00000000c7800000| Updating 
| 121|0x00000000c7900000, 0x00000000c7a00000, 0x00000000c7a00000|100%| O|  |TAMS 0x00000000c7a00000, 0x00000000c7900000| Updating 
| 122|0x00000000c7a00000, 0x00000000c7b00000, 0x00000000c7b00000|100%| O|  |TAMS 0x00000000c7b00000, 0x00000000c7a00000| Updating 
| 123|0x00000000c7b00000, 0x00000000c7c00000, 0x00000000c7c00000|100%| O|  |TAMS 0x00000000c7c00000, 0x00000000c7b00000| Untracked 
| 124|0x00000000c7c00000, 0x00000000c7d00000, 0x00000000c7d00000|100%| O|  |TAMS 0x00000000c7d00000, 0x00000000c7c00000| Untracked 
| 125|0x00000000c7d00000, 0x00000000c7e00000, 0x00000000c7e00000|100%| O|  |TAMS 0x00000000c7e00000, 0x00000000c7d00000| Untracked 
| 126|0x00000000c7e00000, 0x00000000c7f00000, 0x00000000c7f00000|100%| O|  |TAMS 0x00000000c7f00000, 0x00000000c7e00000| Updating 
| 127|0x00000000c7f00000, 0x00000000c8000000, 0x00000000c8000000|100%| O|  |TAMS 0x00000000c8000000, 0x00000000c7f00000| Updating 
| 128|0x00000000c8000000, 0x00000000c8100000, 0x00000000c8100000|100%| O|  |TAMS 0x00000000c8100000, 0x00000000c8000000| Updating 
| 129|0x00000000c8100000, 0x00000000c8200000, 0x00000000c8200000|100%| O|  |TAMS 0x00000000c8200000, 0x00000000c8100000| Updating 
| 130|0x00000000c8200000, 0x00000000c8300000, 0x00000000c8300000|100%| O|  |TAMS 0x00000000c8300000, 0x00000000c8200000| Updating 
| 131|0x00000000c8300000, 0x00000000c8300000, 0x00000000c8400000|  0%| F|  |TAMS 0x00000000c8300000, 0x00000000c8300000| Untracked 
| 132|0x00000000c8400000, 0x00000000c8500000, 0x00000000c8500000|100%| O|  |TAMS 0x00000000c8500000, 0x00000000c8400000| Updating 
| 133|0x00000000c8500000, 0x00000000c8600000, 0x00000000c8600000|100%| O|  |TAMS 0x00000000c8600000, 0x00000000c8500000| Updating 
| 134|0x00000000c8600000, 0x00000000c8700000, 0x00000000c8700000|100%| O|  |TAMS 0x00000000c8700000, 0x00000000c8600000| Updating 
| 135|0x00000000c8700000, 0x00000000c8800000, 0x00000000c8800000|100%| O|  |TAMS 0x00000000c8800000, 0x00000000c8700000| Updating 
| 136|0x00000000c8800000, 0x00000000c8900000, 0x00000000c8900000|100%| O|  |TAMS 0x00000000c8900000, 0x00000000c8800000| Updating 
| 137|0x00000000c8900000, 0x00000000c8900000, 0x00000000c8a00000|  0%| F|  |TAMS 0x00000000c8900000, 0x00000000c8900000| Untracked 
| 138|0x00000000c8a00000, 0x00000000c8a00000, 0x00000000c8b00000|  0%| F|  |TAMS 0x00000000c8a00000, 0x00000000c8a00000| Untracked 
| 139|0x00000000c8b00000, 0x00000000c8c00000, 0x00000000c8c00000|100%|HS|  |TAMS 0x00000000c8c00000, 0x00000000c8b00000| Complete 
| 140|0x00000000c8c00000, 0x00000000c8d00000, 0x00000000c8d00000|100%|HC|  |TAMS 0x00000000c8d00000, 0x00000000c8c00000| Complete 
| 141|0x00000000c8d00000, 0x00000000c8e00000, 0x00000000c8e00000|100%|HC|  |TAMS 0x00000000c8e00000, 0x00000000c8d00000| Complete 
| 142|0x00000000c8e00000, 0x00000000c8f00000, 0x00000000c8f00000|100%|HC|  |TAMS 0x00000000c8f00000, 0x00000000c8e00000| Complete 
| 143|0x00000000c8f00000, 0x00000000c9000000, 0x00000000c9000000|100%|HC|  |TAMS 0x00000000c9000000, 0x00000000c8f00000| Complete 
| 144|0x00000000c9000000, 0x00000000c9100000, 0x00000000c9100000|100%|HC|  |TAMS 0x00000000c9100000, 0x00000000c9000000| Complete 
| 145|0x00000000c9100000, 0x00000000c9200000, 0x00000000c9200000|100%|HC|  |TAMS 0x00000000c9200000, 0x00000000c9100000| Complete 
| 146|0x00000000c9200000, 0x00000000c9300000, 0x00000000c9300000|100%| O|  |TAMS 0x00000000c9300000, 0x00000000c9200000| Updating 
| 147|0x00000000c9300000, 0x00000000c9400000, 0x00000000c9400000|100%| O|  |TAMS 0x00000000c9400000, 0x00000000c9300000| Updating 
| 148|0x00000000c9400000, 0x00000000c9500000, 0x00000000c9500000|100%| O|  |TAMS 0x00000000c9500000, 0x00000000c9400000| Updating 
| 149|0x00000000c9500000, 0x00000000c9500000, 0x00000000c9600000|  0%| F|  |TAMS 0x00000000c9500000, 0x00000000c9500000| Untracked 
| 150|0x00000000c9600000, 0x00000000c9600000, 0x00000000c9700000|  0%| F|  |TAMS 0x00000000c9600000, 0x00000000c9600000| Untracked 
| 151|0x00000000c9700000, 0x00000000c9700000, 0x00000000c9800000|  0%| F|  |TAMS 0x00000000c9700000, 0x00000000c9700000| Untracked 
| 152|0x00000000c9800000, 0x00000000c9800000, 0x00000000c9900000|  0%| F|  |TAMS 0x00000000c9800000, 0x00000000c9800000| Untracked 
| 153|0x00000000c9900000, 0x00000000c9a00000, 0x00000000c9a00000|100%| O|  |TAMS 0x00000000c9a00000, 0x00000000c9900000| Updating 
| 154|0x00000000c9a00000, 0x00000000c9a00000, 0x00000000c9b00000|  0%| F|  |TAMS 0x00000000c9a00000, 0x00000000c9a00000| Untracked 
| 155|0x00000000c9b00000, 0x00000000c9c00000, 0x00000000c9c00000|100%| O|  |TAMS 0x00000000c9c00000, 0x00000000c9b00000| Updating 
| 156|0x00000000c9c00000, 0x00000000c9d00000, 0x00000000c9d00000|100%| O|  |TAMS 0x00000000c9d00000, 0x00000000c9c00000| Updating 
| 157|0x00000000c9d00000, 0x00000000c9e00000, 0x00000000c9e00000|100%| O|  |TAMS 0x00000000c9e00000, 0x00000000c9d00000| Updating 
| 158|0x00000000c9e00000, 0x00000000c9f00000, 0x00000000c9f00000|100%| O|  |TAMS 0x00000000c9f00000, 0x00000000c9e00000| Updating 
| 159|0x00000000c9f00000, 0x00000000c9f00000, 0x00000000ca000000|  0%| F|  |TAMS 0x00000000c9f00000, 0x00000000c9f00000| Untracked 
| 160|0x00000000ca000000, 0x00000000ca100000, 0x00000000ca100000|100%| O|  |TAMS 0x00000000ca100000, 0x00000000ca000000| Updating 
| 161|0x00000000ca100000, 0x00000000ca200000, 0x00000000ca200000|100%| O|  |TAMS 0x00000000ca200000, 0x00000000ca100000| Updating 
| 162|0x00000000ca200000, 0x00000000ca300000, 0x00000000ca300000|100%| O|  |TAMS 0x00000000ca300000, 0x00000000ca200000| Updating 
| 163|0x00000000ca300000, 0x00000000ca400000, 0x00000000ca400000|100%| O|  |TAMS 0x00000000ca400000, 0x00000000ca300000| Updating 
| 164|0x00000000ca400000, 0x00000000ca500000, 0x00000000ca500000|100%| O|  |TAMS 0x00000000ca500000, 0x00000000ca400000| Updating 
| 165|0x00000000ca500000, 0x00000000ca600000, 0x00000000ca600000|100%| O|  |TAMS 0x00000000ca600000, 0x00000000ca500000| Updating 
| 166|0x00000000ca600000, 0x00000000ca700000, 0x00000000ca700000|100%| O|  |TAMS 0x00000000ca700000, 0x00000000ca600000| Updating 
| 167|0x00000000ca700000, 0x00000000ca700000, 0x00000000ca800000|  0%| F|  |TAMS 0x00000000ca700000, 0x00000000ca700000| Untracked 
| 168|0x00000000ca800000, 0x00000000ca900000, 0x00000000ca900000|100%| O|  |TAMS 0x00000000ca900000, 0x00000000ca800000| Updating 
| 169|0x00000000ca900000, 0x00000000ca900000, 0x00000000caa00000|  0%| F|  |TAMS 0x00000000ca900000, 0x00000000ca900000| Untracked 
| 170|0x00000000caa00000, 0x00000000caa00000, 0x00000000cab00000|  0%| F|  |TAMS 0x00000000caa00000, 0x00000000caa00000| Untracked 
| 171|0x00000000cab00000, 0x00000000cac00000, 0x00000000cac00000|100%| O|  |TAMS 0x00000000cac00000, 0x00000000cab00000| Updating 
| 172|0x00000000cac00000, 0x00000000cad00000, 0x00000000cad00000|100%| O|  |TAMS 0x00000000cad00000, 0x00000000cac00000| Updating 
| 173|0x00000000cad00000, 0x00000000cad00000, 0x00000000cae00000|  0%| F|  |TAMS 0x00000000cad00000, 0x00000000cad00000| Untracked 
| 174|0x00000000cae00000, 0x00000000cae00000, 0x00000000caf00000|  0%| F|  |TAMS 0x00000000cae00000, 0x00000000cae00000| Untracked 
| 175|0x00000000caf00000, 0x00000000caf00000, 0x00000000cb000000|  0%| F|  |TAMS 0x00000000caf00000, 0x00000000caf00000| Untracked 
| 176|0x00000000cb000000, 0x00000000cb000000, 0x00000000cb100000|  0%| F|  |TAMS 0x00000000cb000000, 0x00000000cb000000| Untracked 
| 177|0x00000000cb100000, 0x00000000cb100000, 0x00000000cb200000|  0%| F|  |TAMS 0x00000000cb100000, 0x00000000cb100000| Untracked 
| 178|0x00000000cb200000, 0x00000000cb200000, 0x00000000cb300000|  0%| F|  |TAMS 0x00000000cb200000, 0x00000000cb200000| Untracked 
| 179|0x00000000cb300000, 0x00000000cb300000, 0x00000000cb400000|  0%| F|  |TAMS 0x00000000cb300000, 0x00000000cb300000| Untracked 
| 180|0x00000000cb400000, 0x00000000cb500000, 0x00000000cb500000|100%| O|  |TAMS 0x00000000cb500000, 0x00000000cb400000| Updating 
| 181|0x00000000cb500000, 0x00000000cb600000, 0x00000000cb600000|100%| O|  |TAMS 0x00000000cb600000, 0x00000000cb500000| Updating 
| 182|0x00000000cb600000, 0x00000000cb700000, 0x00000000cb700000|100%| O|  |TAMS 0x00000000cb700000, 0x00000000cb600000| Updating 
| 183|0x00000000cb700000, 0x00000000cb700000, 0x00000000cb800000|  0%| F|  |TAMS 0x00000000cb700000, 0x00000000cb700000| Untracked 
| 184|0x00000000cb800000, 0x00000000cb800000, 0x00000000cb900000|  0%| F|  |TAMS 0x00000000cb800000, 0x00000000cb800000| Untracked 
| 185|0x00000000cb900000, 0x00000000cba00000, 0x00000000cba00000|100%| O|  |TAMS 0x00000000cba00000, 0x00000000cb900000| Updating 
| 186|0x00000000cba00000, 0x00000000cbb00000, 0x00000000cbb00000|100%| O|  |TAMS 0x00000000cbb00000, 0x00000000cba00000| Updating 
| 187|0x00000000cbb00000, 0x00000000cbc00000, 0x00000000cbc00000|100%| O|  |TAMS 0x00000000cbc00000, 0x00000000cbb00000| Updating 
| 188|0x00000000cbc00000, 0x00000000cbd00000, 0x00000000cbd00000|100%| O|  |TAMS 0x00000000cbd00000, 0x00000000cbc00000| Updating 
| 189|0x00000000cbd00000, 0x00000000cbe00000, 0x00000000cbe00000|100%| O|  |TAMS 0x00000000cbe00000, 0x00000000cbd00000| Updating 
| 190|0x00000000cbe00000, 0x00000000cbf00000, 0x00000000cbf00000|100%| O|  |TAMS 0x00000000cbf00000, 0x00000000cbe00000| Updating 
| 191|0x00000000cbf00000, 0x00000000cc000000, 0x00000000cc000000|100%| O|  |TAMS 0x00000000cc000000, 0x00000000cbf00000| Updating 
| 192|0x00000000cc000000, 0x00000000cc100000, 0x00000000cc100000|100%| O|  |TAMS 0x00000000cc100000, 0x00000000cc000000| Updating 
| 193|0x00000000cc100000, 0x00000000cc200000, 0x00000000cc200000|100%| O|  |TAMS 0x00000000cc200000, 0x00000000cc100000| Updating 
| 194|0x00000000cc200000, 0x00000000cc300000, 0x00000000cc300000|100%| O|  |TAMS 0x00000000cc300000, 0x00000000cc200000| Updating 
| 195|0x00000000cc300000, 0x00000000cc400000, 0x00000000cc400000|100%| O|  |TAMS 0x00000000cc400000, 0x00000000cc300000| Updating 
| 196|0x00000000cc400000, 0x00000000cc500000, 0x00000000cc500000|100%| O|  |TAMS 0x00000000cc500000, 0x00000000cc400000| Updating 
| 197|0x00000000cc500000, 0x00000000cc600000, 0x00000000cc600000|100%| O|  |TAMS 0x00000000cc600000, 0x00000000cc500000| Updating 
| 198|0x00000000cc600000, 0x00000000cc700000, 0x00000000cc700000|100%| O|  |TAMS 0x00000000cc700000, 0x00000000cc600000| Updating 
| 199|0x00000000cc700000, 0x00000000cc800000, 0x00000000cc800000|100%| O|  |TAMS 0x00000000cc800000, 0x00000000cc700000| Updating 
| 200|0x00000000cc800000, 0x00000000cc900000, 0x00000000cc900000|100%| O|  |TAMS 0x00000000cc900000, 0x00000000cc800000| Updating 
| 201|0x00000000cc900000, 0x00000000cc900000, 0x00000000cca00000|  0%| F|  |TAMS 0x00000000cc900000, 0x00000000cc900000| Untracked 
| 202|0x00000000cca00000, 0x00000000ccb00000, 0x00000000ccb00000|100%| O|  |TAMS 0x00000000ccb00000, 0x00000000cca00000| Updating 
| 203|0x00000000ccb00000, 0x00000000ccb00000, 0x00000000ccc00000|  0%| F|  |TAMS 0x00000000ccb00000, 0x00000000ccb00000| Untracked 
| 204|0x00000000ccc00000, 0x00000000ccd00000, 0x00000000ccd00000|100%| O|  |TAMS 0x00000000ccd00000, 0x00000000ccc00000| Updating 
| 205|0x00000000ccd00000, 0x00000000cce00000, 0x00000000cce00000|100%| O|  |TAMS 0x00000000cce00000, 0x00000000ccd00000| Updating 
| 206|0x00000000cce00000, 0x00000000ccf00000, 0x00000000ccf00000|100%| O|  |TAMS 0x00000000ccf00000, 0x00000000cce00000| Updating 
| 207|0x00000000ccf00000, 0x00000000cd000000, 0x00000000cd000000|100%| O|  |TAMS 0x00000000cd000000, 0x00000000ccf00000| Updating 
| 208|0x00000000cd000000, 0x00000000cd100000, 0x00000000cd100000|100%| O|  |TAMS 0x00000000cd100000, 0x00000000cd000000| Updating 
| 209|0x00000000cd100000, 0x00000000cd200000, 0x00000000cd200000|100%| O|  |TAMS 0x00000000cd200000, 0x00000000cd100000| Updating 
| 210|0x00000000cd200000, 0x00000000cd300000, 0x00000000cd300000|100%| O|  |TAMS 0x00000000cd300000, 0x00000000cd200000| Updating 
| 211|0x00000000cd300000, 0x00000000cd400000, 0x00000000cd400000|100%| O|  |TAMS 0x00000000cd400000, 0x00000000cd300000| Updating 
| 212|0x00000000cd400000, 0x00000000cd500000, 0x00000000cd500000|100%| O|  |TAMS 0x00000000cd500000, 0x00000000cd400000| Updating 
| 213|0x00000000cd500000, 0x00000000cd600000, 0x00000000cd600000|100%| O|  |TAMS 0x00000000cd600000, 0x00000000cd500000| Updating 
| 214|0x00000000cd600000, 0x00000000cd700000, 0x00000000cd700000|100%| O|  |TAMS 0x00000000cd700000, 0x00000000cd600000| Updating 
| 215|0x00000000cd700000, 0x00000000cd800000, 0x00000000cd800000|100%| O|  |TAMS 0x00000000cd800000, 0x00000000cd700000| Updating 
| 216|0x00000000cd800000, 0x00000000cd900000, 0x00000000cd900000|100%| O|  |TAMS 0x00000000cd900000, 0x00000000cd800000| Updating 
| 217|0x00000000cd900000, 0x00000000cda00000, 0x00000000cda00000|100%| O|  |TAMS 0x00000000cda00000, 0x00000000cd900000| Updating 
| 218|0x00000000cda00000, 0x00000000cdb00000, 0x00000000cdb00000|100%| O|  |TAMS 0x00000000cdb00000, 0x00000000cda00000| Updating 
| 219|0x00000000cdb00000, 0x00000000cdc00000, 0x00000000cdc00000|100%| O|  |TAMS 0x00000000cdc00000, 0x00000000cdb00000| Updating 
| 220|0x00000000cdc00000, 0x00000000cdd00000, 0x00000000cdd00000|100%| O|  |TAMS 0x00000000cdd00000, 0x00000000cdc00000| Updating 
| 221|0x00000000cdd00000, 0x00000000cde00000, 0x00000000cde00000|100%| O|  |TAMS 0x00000000cde00000, 0x00000000cdd00000| Updating 
| 222|0x00000000cde00000, 0x00000000cdf00000, 0x00000000cdf00000|100%| O|  |TAMS 0x00000000cdf00000, 0x00000000cde00000| Updating 
| 223|0x00000000cdf00000, 0x00000000cdf00000, 0x00000000ce000000|  0%| F|  |TAMS 0x00000000cdf00000, 0x00000000cdf00000| Untracked 
| 224|0x00000000ce000000, 0x00000000ce100000, 0x00000000ce100000|100%| O|  |TAMS 0x00000000ce100000, 0x00000000ce000000| Updating 
| 225|0x00000000ce100000, 0x00000000ce100000, 0x00000000ce200000|  0%| F|  |TAMS 0x00000000ce100000, 0x00000000ce100000| Untracked 
| 226|0x00000000ce200000, 0x00000000ce200000, 0x00000000ce300000|  0%| F|  |TAMS 0x00000000ce200000, 0x00000000ce200000| Untracked 
| 227|0x00000000ce300000, 0x00000000ce300000, 0x00000000ce400000|  0%| F|  |TAMS 0x00000000ce300000, 0x00000000ce300000| Untracked 
| 228|0x00000000ce400000, 0x00000000ce400000, 0x00000000ce500000|  0%| F|  |TAMS 0x00000000ce400000, 0x00000000ce400000| Untracked 
| 229|0x00000000ce500000, 0x00000000ce500000, 0x00000000ce600000|  0%| F|  |TAMS 0x00000000ce500000, 0x00000000ce500000| Untracked 
| 230|0x00000000ce600000, 0x00000000ce600000, 0x00000000ce700000|  0%| F|  |TAMS 0x00000000ce600000, 0x00000000ce600000| Untracked 
| 231|0x00000000ce700000, 0x00000000ce800000, 0x00000000ce800000|100%| O|  |TAMS 0x00000000ce800000, 0x00000000ce700000| Updating 
| 232|0x00000000ce800000, 0x00000000ce900000, 0x00000000ce900000|100%| O|  |TAMS 0x00000000ce900000, 0x00000000ce800000| Updating 
| 233|0x00000000ce900000, 0x00000000cea00000, 0x00000000cea00000|100%| O|  |TAMS 0x00000000cea00000, 0x00000000ce900000| Updating 
| 234|0x00000000cea00000, 0x00000000ceb00000, 0x00000000ceb00000|100%| O|  |TAMS 0x00000000ceb00000, 0x00000000cea00000| Updating 
| 235|0x00000000ceb00000, 0x00000000cec00000, 0x00000000cec00000|100%| O|  |TAMS 0x00000000cec00000, 0x00000000ceb00000| Updating 
| 236|0x00000000cec00000, 0x00000000ced00000, 0x00000000ced00000|100%| O|  |TAMS 0x00000000ced00000, 0x00000000cec00000| Updating 
| 237|0x00000000ced00000, 0x00000000cee00000, 0x00000000cee00000|100%| O|  |TAMS 0x00000000cee00000, 0x00000000ced00000| Updating 
| 238|0x00000000cee00000, 0x00000000cef00000, 0x00000000cef00000|100%| O|  |TAMS 0x00000000cef00000, 0x00000000cee00000| Updating 
| 239|0x00000000cef00000, 0x00000000cf000000, 0x00000000cf000000|100%| O|  |TAMS 0x00000000cf000000, 0x00000000cef00000| Updating 
| 240|0x00000000cf000000, 0x00000000cf000000, 0x00000000cf100000|  0%| F|  |TAMS 0x00000000cf000000, 0x00000000cf000000| Untracked 
| 241|0x00000000cf100000, 0x00000000cf100000, 0x00000000cf200000|  0%| F|  |TAMS 0x00000000cf100000, 0x00000000cf100000| Untracked 
| 242|0x00000000cf200000, 0x00000000cf200000, 0x00000000cf300000|  0%| F|  |TAMS 0x00000000cf200000, 0x00000000cf200000| Untracked 
| 243|0x00000000cf300000, 0x00000000cf400000, 0x00000000cf400000|100%| O|  |TAMS 0x00000000cf400000, 0x00000000cf300000| Updating 
| 244|0x00000000cf400000, 0x00000000cf400000, 0x00000000cf500000|  0%| F|  |TAMS 0x00000000cf400000, 0x00000000cf400000| Untracked 
| 245|0x00000000cf500000, 0x00000000cf500000, 0x00000000cf600000|  0%| F|  |TAMS 0x00000000cf500000, 0x00000000cf500000| Untracked 
| 246|0x00000000cf600000, 0x00000000cf700000, 0x00000000cf700000|100%| O|  |TAMS 0x00000000cf700000, 0x00000000cf600000| Updating 
| 247|0x00000000cf700000, 0x00000000cf800000, 0x00000000cf800000|100%| O|  |TAMS 0x00000000cf800000, 0x00000000cf700000| Updating 
| 248|0x00000000cf800000, 0x00000000cf900000, 0x00000000cf900000|100%| O|  |TAMS 0x00000000cf900000, 0x00000000cf800000| Updating 
| 249|0x00000000cf900000, 0x00000000cfa00000, 0x00000000cfa00000|100%| O|  |TAMS 0x00000000cfa00000, 0x00000000cf900000| Updating 
| 250|0x00000000cfa00000, 0x00000000cfb00000, 0x00000000cfb00000|100%| O|  |TAMS 0x00000000cfb00000, 0x00000000cfa00000| Updating 
| 251|0x00000000cfb00000, 0x00000000cfc00000, 0x00000000cfc00000|100%| O|  |TAMS 0x00000000cfc00000, 0x00000000cfb00000| Updating 
| 252|0x00000000cfc00000, 0x00000000cfd00000, 0x00000000cfd00000|100%| O|  |TAMS 0x00000000cfd00000, 0x00000000cfc00000| Updating 
| 253|0x00000000cfd00000, 0x00000000cfe00000, 0x00000000cfe00000|100%| O|  |TAMS 0x00000000cfe00000, 0x00000000cfd00000| Updating 
| 254|0x00000000cfe00000, 0x00000000cff00000, 0x00000000cff00000|100%| O|  |TAMS 0x00000000cff00000, 0x00000000cfe00000| Updating 
| 255|0x00000000cff00000, 0x00000000d0000000, 0x00000000d0000000|100%| O|  |TAMS 0x00000000d0000000, 0x00000000cff00000| Updating 
| 256|0x00000000d0000000, 0x00000000d0100000, 0x00000000d0100000|100%| O|  |TAMS 0x00000000d0100000, 0x00000000d0000000| Updating 
| 257|0x00000000d0100000, 0x00000000d0100000, 0x00000000d0200000|  0%| F|  |TAMS 0x00000000d0100000, 0x00000000d0100000| Untracked 
| 258|0x00000000d0200000, 0x00000000d0300000, 0x00000000d0300000|100%| O|  |TAMS 0x00000000d0300000, 0x00000000d0200000| Updating 
| 259|0x00000000d0300000, 0x00000000d0400000, 0x00000000d0400000|100%| O|  |TAMS 0x00000000d0400000, 0x00000000d0300000| Updating 
| 260|0x00000000d0400000, 0x00000000d0500000, 0x00000000d0500000|100%| O|  |TAMS 0x00000000d0500000, 0x00000000d0400000| Updating 
| 261|0x00000000d0500000, 0x00000000d0600000, 0x00000000d0600000|100%| O|  |TAMS 0x00000000d0600000, 0x00000000d0500000| Updating 
| 262|0x00000000d0600000, 0x00000000d0700000, 0x00000000d0700000|100%| O|  |TAMS 0x00000000d0700000, 0x00000000d0600000| Updating 
| 263|0x00000000d0700000, 0x00000000d0700000, 0x00000000d0800000|  0%| F|  |TAMS 0x00000000d0700000, 0x00000000d0700000| Untracked 
| 264|0x00000000d0800000, 0x00000000d0900000, 0x00000000d0900000|100%| O|  |TAMS 0x00000000d0900000, 0x00000000d0800000| Updating 
| 265|0x00000000d0900000, 0x00000000d0a00000, 0x00000000d0a00000|100%| O|  |TAMS 0x00000000d0a00000, 0x00000000d0900000| Updating 
| 266|0x00000000d0a00000, 0x00000000d0b00000, 0x00000000d0b00000|100%| O|  |TAMS 0x00000000d0b00000, 0x00000000d0a00000| Updating 
| 267|0x00000000d0b00000, 0x00000000d0b00000, 0x00000000d0c00000|  0%| F|  |TAMS 0x00000000d0b00000, 0x00000000d0b00000| Untracked 
| 268|0x00000000d0c00000, 0x00000000d0d00000, 0x00000000d0d00000|100%|HS|  |TAMS 0x00000000d0d00000, 0x00000000d0c00000| Complete 
| 269|0x00000000d0d00000, 0x00000000d0e00000, 0x00000000d0e00000|100%|HS|  |TAMS 0x00000000d0e00000, 0x00000000d0d00000| Complete 
| 270|0x00000000d0e00000, 0x00000000d0f00000, 0x00000000d0f00000|100%| O|  |TAMS 0x00000000d0f00000, 0x00000000d0e00000| Updating 
| 271|0x00000000d0f00000, 0x00000000d1000000, 0x00000000d1000000|100%| O|  |TAMS 0x00000000d1000000, 0x00000000d0f00000| Updating 
| 272|0x00000000d1000000, 0x00000000d1100000, 0x00000000d1100000|100%| O|  |TAMS 0x00000000d1100000, 0x00000000d1000000| Updating 
| 273|0x00000000d1100000, 0x00000000d1200000, 0x00000000d1200000|100%| O|  |TAMS 0x00000000d1200000, 0x00000000d1100000| Updating 
| 274|0x00000000d1200000, 0x00000000d1300000, 0x00000000d1300000|100%| O|  |TAMS 0x00000000d1300000, 0x00000000d1200000| Updating 
| 275|0x00000000d1300000, 0x00000000d1300000, 0x00000000d1400000|  0%| F|  |TAMS 0x00000000d1300000, 0x00000000d1300000| Untracked 
| 276|0x00000000d1400000, 0x00000000d1500000, 0x00000000d1500000|100%| O|  |TAMS 0x00000000d1500000, 0x00000000d1400000| Updating 
| 277|0x00000000d1500000, 0x00000000d1600000, 0x00000000d1600000|100%| O|  |TAMS 0x00000000d1600000, 0x00000000d1500000| Updating 
| 278|0x00000000d1600000, 0x00000000d1700000, 0x00000000d1700000|100%| O|  |TAMS 0x00000000d1700000, 0x00000000d1600000| Updating 
| 279|0x00000000d1700000, 0x00000000d1800000, 0x00000000d1800000|100%| O|  |TAMS 0x00000000d1800000, 0x00000000d1700000| Updating 
| 280|0x00000000d1800000, 0x00000000d1900000, 0x00000000d1900000|100%| O|  |TAMS 0x00000000d1900000, 0x00000000d1800000| Updating 
| 281|0x00000000d1900000, 0x00000000d1a00000, 0x00000000d1a00000|100%| O|  |TAMS 0x00000000d1a00000, 0x00000000d1900000| Updating 
| 282|0x00000000d1a00000, 0x00000000d1b00000, 0x00000000d1b00000|100%| O|  |TAMS 0x00000000d1b00000, 0x00000000d1a00000| Updating 
| 283|0x00000000d1b00000, 0x00000000d1c00000, 0x00000000d1c00000|100%| O|  |TAMS 0x00000000d1c00000, 0x00000000d1b00000| Updating 
| 284|0x00000000d1c00000, 0x00000000d1d00000, 0x00000000d1d00000|100%| O|  |TAMS 0x00000000d1d00000, 0x00000000d1c00000| Updating 
| 285|0x00000000d1d00000, 0x00000000d1d00000, 0x00000000d1e00000|  0%| F|  |TAMS 0x00000000d1d00000, 0x00000000d1d00000| Untracked 
| 286|0x00000000d1e00000, 0x00000000d1e00000, 0x00000000d1f00000|  0%| F|  |TAMS 0x00000000d1e00000, 0x00000000d1e00000| Untracked 
| 287|0x00000000d1f00000, 0x00000000d1f00000, 0x00000000d2000000|  0%| F|  |TAMS 0x00000000d1f00000, 0x00000000d1f00000| Untracked 
| 288|0x00000000d2000000, 0x00000000d2000000, 0x00000000d2100000|  0%| F|  |TAMS 0x00000000d2000000, 0x00000000d2000000| Untracked 
| 289|0x00000000d2100000, 0x00000000d2100000, 0x00000000d2200000|  0%| F|  |TAMS 0x00000000d2100000, 0x00000000d2100000| Untracked 
| 290|0x00000000d2200000, 0x00000000d2200000, 0x00000000d2300000|  0%| F|  |TAMS 0x00000000d2200000, 0x00000000d2200000| Untracked 
| 291|0x00000000d2300000, 0x00000000d2300000, 0x00000000d2400000|  0%| F|  |TAMS 0x00000000d2300000, 0x00000000d2300000| Untracked 
| 292|0x00000000d2400000, 0x00000000d2400000, 0x00000000d2500000|  0%| F|  |TAMS 0x00000000d2400000, 0x00000000d2400000| Untracked 
| 293|0x00000000d2500000, 0x00000000d2500000, 0x00000000d2600000|  0%| F|  |TAMS 0x00000000d2500000, 0x00000000d2500000| Untracked 
| 294|0x00000000d2600000, 0x00000000d2600000, 0x00000000d2700000|  0%| F|  |TAMS 0x00000000d2600000, 0x00000000d2600000| Untracked 
| 295|0x00000000d2700000, 0x00000000d2800000, 0x00000000d2800000|100%| O|  |TAMS 0x00000000d2800000, 0x00000000d2700000| Updating 
| 296|0x00000000d2800000, 0x00000000d2800000, 0x00000000d2900000|  0%| F|  |TAMS 0x00000000d2800000, 0x00000000d2800000| Untracked 
| 297|0x00000000d2900000, 0x00000000d2900000, 0x00000000d2a00000|  0%| F|  |TAMS 0x00000000d2900000, 0x00000000d2900000| Untracked 
| 298|0x00000000d2a00000, 0x00000000d2a00000, 0x00000000d2b00000|  0%| F|  |TAMS 0x00000000d2a00000, 0x00000000d2a00000| Untracked 
| 299|0x00000000d2b00000, 0x00000000d2b00000, 0x00000000d2c00000|  0%| F|  |TAMS 0x00000000d2b00000, 0x00000000d2b00000| Untracked 
| 300|0x00000000d2c00000, 0x00000000d2c00000, 0x00000000d2d00000|  0%| F|  |TAMS 0x00000000d2c00000, 0x00000000d2c00000| Untracked 
| 301|0x00000000d2d00000, 0x00000000d2d00000, 0x00000000d2e00000|  0%| F|  |TAMS 0x00000000d2d00000, 0x00000000d2d00000| Untracked 
| 302|0x00000000d2e00000, 0x00000000d2e00000, 0x00000000d2f00000|  0%| F|  |TAMS 0x00000000d2e00000, 0x00000000d2e00000| Untracked 
| 303|0x00000000d2f00000, 0x00000000d2f00000, 0x00000000d3000000|  0%| F|  |TAMS 0x00000000d2f00000, 0x00000000d2f00000| Untracked 
| 304|0x00000000d3000000, 0x00000000d3000000, 0x00000000d3100000|  0%| F|  |TAMS 0x00000000d3000000, 0x00000000d3000000| Untracked 
| 305|0x00000000d3100000, 0x00000000d3100000, 0x00000000d3200000|  0%| F|  |TAMS 0x00000000d3100000, 0x00000000d3100000| Untracked 
| 306|0x00000000d3200000, 0x00000000d3200000, 0x00000000d3300000|  0%| F|  |TAMS 0x00000000d3200000, 0x00000000d3200000| Untracked 
| 307|0x00000000d3300000, 0x00000000d3300000, 0x00000000d3400000|  0%| F|  |TAMS 0x00000000d3300000, 0x00000000d3300000| Untracked 
| 308|0x00000000d3400000, 0x00000000d3400000, 0x00000000d3500000|  0%| F|  |TAMS 0x00000000d3400000, 0x00000000d3400000| Untracked 
| 309|0x00000000d3500000, 0x00000000d3500000, 0x00000000d3600000|  0%| F|  |TAMS 0x00000000d3500000, 0x00000000d3500000| Untracked 
| 310|0x00000000d3600000, 0x00000000d3700000, 0x00000000d3700000|100%| O|  |TAMS 0x00000000d3700000, 0x00000000d3600000| Updating 
| 311|0x00000000d3700000, 0x00000000d3800000, 0x00000000d3800000|100%| O|  |TAMS 0x00000000d3800000, 0x00000000d3700000| Updating 
| 312|0x00000000d3800000, 0x00000000d3900000, 0x00000000d3900000|100%| O|  |TAMS 0x00000000d3900000, 0x00000000d3800000| Updating 
| 313|0x00000000d3900000, 0x00000000d3a00000, 0x00000000d3a00000|100%| O|  |TAMS 0x00000000d3a00000, 0x00000000d3900000| Updating 
| 314|0x00000000d3a00000, 0x00000000d3b00000, 0x00000000d3b00000|100%| O|  |TAMS 0x00000000d3b00000, 0x00000000d3a00000| Updating 
| 315|0x00000000d3b00000, 0x00000000d3c00000, 0x00000000d3c00000|100%| O|  |TAMS 0x00000000d3c00000, 0x00000000d3b00000| Updating 
| 316|0x00000000d3c00000, 0x00000000d3c00000, 0x00000000d3d00000|  0%| F|  |TAMS 0x00000000d3c00000, 0x00000000d3c00000| Untracked 
| 317|0x00000000d3d00000, 0x00000000d3e00000, 0x00000000d3e00000|100%| O|  |TAMS 0x00000000d3e00000, 0x00000000d3d00000| Updating 
| 318|0x00000000d3e00000, 0x00000000d3f00000, 0x00000000d3f00000|100%| O|  |TAMS 0x00000000d3f00000, 0x00000000d3e00000| Updating 
| 319|0x00000000d3f00000, 0x00000000d3f00000, 0x00000000d4000000|  0%| F|  |TAMS 0x00000000d3f00000, 0x00000000d3f00000| Untracked 
| 320|0x00000000d4000000, 0x00000000d4000000, 0x00000000d4100000|  0%| F|  |TAMS 0x00000000d4000000, 0x00000000d4000000| Untracked 
| 321|0x00000000d4100000, 0x00000000d4200000, 0x00000000d4200000|100%| O|  |TAMS 0x00000000d4200000, 0x00000000d4100000| Updating 
| 322|0x00000000d4200000, 0x00000000d4300000, 0x00000000d4300000|100%| O|  |TAMS 0x00000000d4300000, 0x00000000d4200000| Updating 
| 323|0x00000000d4300000, 0x00000000d4400000, 0x00000000d4400000|100%| O|  |TAMS 0x00000000d4400000, 0x00000000d4300000| Updating 
| 324|0x00000000d4400000, 0x00000000d4400000, 0x00000000d4500000|  0%| F|  |TAMS 0x00000000d4400000, 0x00000000d4400000| Untracked 
| 325|0x00000000d4500000, 0x00000000d4600000, 0x00000000d4600000|100%| O|  |TAMS 0x00000000d4600000, 0x00000000d4500000| Updating 
| 326|0x00000000d4600000, 0x00000000d4700000, 0x00000000d4700000|100%| O|  |TAMS 0x00000000d4700000, 0x00000000d4600000| Updating 
| 327|0x00000000d4700000, 0x00000000d4800000, 0x00000000d4800000|100%| O|  |TAMS 0x00000000d4800000, 0x00000000d4700000| Updating 
| 328|0x00000000d4800000, 0x00000000d4900000, 0x00000000d4900000|100%| O|  |TAMS 0x00000000d4900000, 0x00000000d4800000| Updating 
| 329|0x00000000d4900000, 0x00000000d4a00000, 0x00000000d4a00000|100%| O|  |TAMS 0x00000000d4a00000, 0x00000000d4900000| Updating 
| 330|0x00000000d4a00000, 0x00000000d4b00000, 0x00000000d4b00000|100%| O|  |TAMS 0x00000000d4b00000, 0x00000000d4a00000| Updating 
| 331|0x00000000d4b00000, 0x00000000d4b00000, 0x00000000d4c00000|  0%| F|  |TAMS 0x00000000d4b00000, 0x00000000d4b00000| Untracked 
| 332|0x00000000d4c00000, 0x00000000d4d00000, 0x00000000d4d00000|100%| O|  |TAMS 0x00000000d4d00000, 0x00000000d4c00000| Updating 
| 333|0x00000000d4d00000, 0x00000000d4e00000, 0x00000000d4e00000|100%| O|  |TAMS 0x00000000d4e00000, 0x00000000d4d00000| Updating 
| 334|0x00000000d4e00000, 0x00000000d4f00000, 0x00000000d4f00000|100%| O|  |TAMS 0x00000000d4f00000, 0x00000000d4e00000| Updating 
| 335|0x00000000d4f00000, 0x00000000d5000000, 0x00000000d5000000|100%| O|  |TAMS 0x00000000d5000000, 0x00000000d4f00000| Updating 
| 336|0x00000000d5000000, 0x00000000d5100000, 0x00000000d5100000|100%| O|  |TAMS 0x00000000d5100000, 0x00000000d5000000| Updating 
| 337|0x00000000d5100000, 0x00000000d5200000, 0x00000000d5200000|100%|HS|  |TAMS 0x00000000d5200000, 0x00000000d5100000| Complete 
| 338|0x00000000d5200000, 0x00000000d5300000, 0x00000000d5300000|100%|HC|  |TAMS 0x00000000d5300000, 0x00000000d5200000| Complete 
| 339|0x00000000d5300000, 0x00000000d5400000, 0x00000000d5400000|100%|HC|  |TAMS 0x00000000d5400000, 0x00000000d5300000| Complete 
| 340|0x00000000d5400000, 0x00000000d5500000, 0x00000000d5500000|100%|HS|  |TAMS 0x00000000d5500000, 0x00000000d5400000| Complete 
| 341|0x00000000d5500000, 0x00000000d5600000, 0x00000000d5600000|100%|HC|  |TAMS 0x00000000d5600000, 0x00000000d5500000| Complete 
| 342|0x00000000d5600000, 0x00000000d5700000, 0x00000000d5700000|100%|HS|  |TAMS 0x00000000d5700000, 0x00000000d5600000| Complete 
| 343|0x00000000d5700000, 0x00000000d5800000, 0x00000000d5800000|100%| O|  |TAMS 0x00000000d5800000, 0x00000000d5700000| Updating 
| 344|0x00000000d5800000, 0x00000000d5900000, 0x00000000d5900000|100%| O|  |TAMS 0x00000000d5900000, 0x00000000d5800000| Updating 
| 345|0x00000000d5900000, 0x00000000d5a00000, 0x00000000d5a00000|100%|HS|  |TAMS 0x00000000d5a00000, 0x00000000d5900000| Complete 
| 346|0x00000000d5a00000, 0x00000000d5b00000, 0x00000000d5b00000|100%|HC|  |TAMS 0x00000000d5b00000, 0x00000000d5a00000| Complete 
| 347|0x00000000d5b00000, 0x00000000d5c00000, 0x00000000d5c00000|100%|HS|  |TAMS 0x00000000d5c00000, 0x00000000d5b00000| Complete 
| 348|0x00000000d5c00000, 0x00000000d5d00000, 0x00000000d5d00000|100%|HS|  |TAMS 0x00000000d5d00000, 0x00000000d5c00000| Complete 
| 349|0x00000000d5d00000, 0x00000000d5e00000, 0x00000000d5e00000|100%|HC|  |TAMS 0x00000000d5e00000, 0x00000000d5d00000| Complete 
| 350|0x00000000d5e00000, 0x00000000d5f00000, 0x00000000d5f00000|100%|HS|  |TAMS 0x00000000d5f00000, 0x00000000d5e00000| Complete 
| 351|0x00000000d5f00000, 0x00000000d6000000, 0x00000000d6000000|100%|HC|  |TAMS 0x00000000d6000000, 0x00000000d5f00000| Complete 
| 352|0x00000000d6000000, 0x00000000d6100000, 0x00000000d6100000|100%|HS|  |TAMS 0x00000000d6100000, 0x00000000d6000000| Complete 
| 353|0x00000000d6100000, 0x00000000d6200000, 0x00000000d6200000|100%|HC|  |TAMS 0x00000000d6200000, 0x00000000d6100000| Complete 
| 354|0x00000000d6200000, 0x00000000d6300000, 0x00000000d6300000|100%|HS|  |TAMS 0x00000000d6300000, 0x00000000d6200000| Complete 
| 355|0x00000000d6300000, 0x00000000d6400000, 0x00000000d6400000|100%|HC|  |TAMS 0x00000000d6400000, 0x00000000d6300000| Complete 
| 356|0x00000000d6400000, 0x00000000d6500000, 0x00000000d6500000|100%|HC|  |TAMS 0x00000000d6500000, 0x00000000d6400000| Complete 
| 357|0x00000000d6500000, 0x00000000d6600000, 0x00000000d6600000|100%|HS|  |TAMS 0x00000000d6600000, 0x00000000d6500000| Complete 
| 358|0x00000000d6600000, 0x00000000d6700000, 0x00000000d6700000|100%|HC|  |TAMS 0x00000000d6700000, 0x00000000d6600000| Complete 
| 359|0x00000000d6700000, 0x00000000d6800000, 0x00000000d6800000|100%|HC|  |TAMS 0x00000000d6800000, 0x00000000d6700000| Complete 
| 360|0x00000000d6800000, 0x00000000d6900000, 0x00000000d6900000|100%|HS|  |TAMS 0x00000000d6900000, 0x00000000d6800000| Complete 
| 361|0x00000000d6900000, 0x00000000d6a00000, 0x00000000d6a00000|100%|HC|  |TAMS 0x00000000d6a00000, 0x00000000d6900000| Complete 
| 362|0x00000000d6a00000, 0x00000000d6b00000, 0x00000000d6b00000|100%| O|  |TAMS 0x00000000d6b00000, 0x00000000d6a00000| Updating 
| 363|0x00000000d6b00000, 0x00000000d6c00000, 0x00000000d6c00000|100%|HS|  |TAMS 0x00000000d6c00000, 0x00000000d6b00000| Complete 
| 364|0x00000000d6c00000, 0x00000000d6d00000, 0x00000000d6d00000|100%|HC|  |TAMS 0x00000000d6d00000, 0x00000000d6c00000| Complete 
| 365|0x00000000d6d00000, 0x00000000d6e00000, 0x00000000d6e00000|100%| O|  |TAMS 0x00000000d6e00000, 0x00000000d6d00000| Updating 
| 366|0x00000000d6e00000, 0x00000000d6f00000, 0x00000000d6f00000|100%| O|  |TAMS 0x00000000d6f00000, 0x00000000d6e00000| Untracked 
| 367|0x00000000d6f00000, 0x00000000d7000000, 0x00000000d7000000|100%|HS|  |TAMS 0x00000000d7000000, 0x00000000d6f00000| Complete 
| 368|0x00000000d7000000, 0x00000000d7100000, 0x00000000d7100000|100%|HC|  |TAMS 0x00000000d7100000, 0x00000000d7000000| Complete 
| 369|0x00000000d7100000, 0x00000000d7200000, 0x00000000d7200000|100%| O|  |TAMS 0x00000000d7200000, 0x00000000d7100000| Untracked 
| 370|0x00000000d7200000, 0x00000000d7300000, 0x00000000d7300000|100%| O|  |TAMS 0x00000000d7300000, 0x00000000d7200000| Untracked 
| 371|0x00000000d7300000, 0x00000000d7400000, 0x00000000d7400000|100%| O|  |TAMS 0x00000000d7400000, 0x00000000d7300000| Updating 
| 372|0x00000000d7400000, 0x00000000d7500000, 0x00000000d7500000|100%| O|  |TAMS 0x00000000d7500000, 0x00000000d7400000| Untracked 
| 373|0x00000000d7500000, 0x00000000d7600000, 0x00000000d7600000|100%| O|  |TAMS 0x00000000d7600000, 0x00000000d7500000| Untracked 
| 374|0x00000000d7600000, 0x00000000d7700000, 0x00000000d7700000|100%| O|  |TAMS 0x00000000d763fa00, 0x00000000d7600000| Untracked 
| 375|0x00000000d7700000, 0x00000000d7800000, 0x00000000d7800000|100%|HS|  |TAMS 0x00000000d7800000, 0x00000000d7700000| Complete 
| 376|0x00000000d7800000, 0x00000000d7900000, 0x00000000d7900000|100%|HC|  |TAMS 0x00000000d7900000, 0x00000000d7800000| Complete 
| 377|0x00000000d7900000, 0x00000000d7a00000, 0x00000000d7a00000|100%|HC|  |TAMS 0x00000000d7a00000, 0x00000000d7900000| Complete 
| 378|0x00000000d7a00000, 0x00000000d7b00000, 0x00000000d7b00000|100%| O|  |TAMS 0x00000000d7a00000, 0x00000000d7a00000| Untracked 
| 379|0x00000000d7b00000, 0x00000000d7c00000, 0x00000000d7c00000|100%| O|  |TAMS 0x00000000d7b00000, 0x00000000d7b00000| Untracked 
| 380|0x00000000d7c00000, 0x00000000d7d00000, 0x00000000d7d00000|100%| O|  |TAMS 0x00000000d7c00000, 0x00000000d7c00000| Untracked 
| 381|0x00000000d7d00000, 0x00000000d7e00000, 0x00000000d7e00000|100%| O|  |TAMS 0x00000000d7d00000, 0x00000000d7d00000| Untracked 
| 382|0x00000000d7e00000, 0x00000000d7f00000, 0x00000000d7f00000|100%| O|  |TAMS 0x00000000d7e00000, 0x00000000d7e00000| Untracked 
| 383|0x00000000d7f00000, 0x00000000d8000000, 0x00000000d8000000|100%| O|  |TAMS 0x00000000d7f00000, 0x00000000d7f00000| Untracked 
| 384|0x00000000d8000000, 0x00000000d8100000, 0x00000000d8100000|100%| O|  |TAMS 0x00000000d8000000, 0x00000000d8000000| Untracked 
| 385|0x00000000d8100000, 0x00000000d8200000, 0x00000000d8200000|100%| O|  |TAMS 0x00000000d8100000, 0x00000000d8100000| Untracked 
| 386|0x00000000d8200000, 0x00000000d8300000, 0x00000000d8300000|100%| O|  |TAMS 0x00000000d8200000, 0x00000000d8200000| Untracked 
| 387|0x00000000d8300000, 0x00000000d8400000, 0x00000000d8400000|100%| O|  |TAMS 0x00000000d8300000, 0x00000000d8300000| Untracked 
| 388|0x00000000d8400000, 0x00000000d8500000, 0x00000000d8500000|100%| O|  |TAMS 0x00000000d8400000, 0x00000000d8400000| Untracked 
| 389|0x00000000d8500000, 0x00000000d8600000, 0x00000000d8600000|100%| O|  |TAMS 0x00000000d8500000, 0x00000000d8500000| Untracked 
| 390|0x00000000d8600000, 0x00000000d8700000, 0x00000000d8700000|100%| O|  |TAMS 0x00000000d8600000, 0x00000000d8600000| Untracked 
| 391|0x00000000d8700000, 0x00000000d8800000, 0x00000000d8800000|100%| O|  |TAMS 0x00000000d8700000, 0x00000000d8700000| Untracked 
| 392|0x00000000d8800000, 0x00000000d8900000, 0x00000000d8900000|100%| O|  |TAMS 0x00000000d8800000, 0x00000000d8800000| Untracked 
| 393|0x00000000d8900000, 0x00000000d8a00000, 0x00000000d8a00000|100%| O|  |TAMS 0x00000000d8900000, 0x00000000d8900000| Untracked 
| 394|0x00000000d8a00000, 0x00000000d8b00000, 0x00000000d8b00000|100%| O|  |TAMS 0x00000000d8a00000, 0x00000000d8a00000| Untracked 
| 395|0x00000000d8b00000, 0x00000000d8c00000, 0x00000000d8c00000|100%| O|  |TAMS 0x00000000d8b00000, 0x00000000d8b00000| Untracked 
| 396|0x00000000d8c00000, 0x00000000d8d00000, 0x00000000d8d00000|100%| O|  |TAMS 0x00000000d8c00000, 0x00000000d8c00000| Untracked 
| 397|0x00000000d8d00000, 0x00000000d8e00000, 0x00000000d8e00000|100%| O|  |TAMS 0x00000000d8d00000, 0x00000000d8d00000| Untracked 
| 398|0x00000000d8e00000, 0x00000000d8f00000, 0x00000000d8f00000|100%| O|  |TAMS 0x00000000d8e00000, 0x00000000d8e00000| Untracked 
| 399|0x00000000d8f00000, 0x00000000d9000000, 0x00000000d9000000|100%| O|  |TAMS 0x00000000d8f00000, 0x00000000d8f00000| Untracked 
| 400|0x00000000d9000000, 0x00000000d9100000, 0x00000000d9100000|100%| O|  |TAMS 0x00000000d9000000, 0x00000000d9000000| Untracked 
| 401|0x00000000d9100000, 0x00000000d9200000, 0x00000000d9200000|100%| O|  |TAMS 0x00000000d9100000, 0x00000000d9100000| Untracked 
| 402|0x00000000d9200000, 0x00000000d9300000, 0x00000000d9300000|100%| O|  |TAMS 0x00000000d9200000, 0x00000000d9200000| Untracked 
| 403|0x00000000d9300000, 0x00000000d9400000, 0x00000000d9400000|100%| O|  |TAMS 0x00000000d9300000, 0x00000000d9300000| Untracked 
| 404|0x00000000d9400000, 0x00000000d9500000, 0x00000000d9500000|100%| O|  |TAMS 0x00000000d9400000, 0x00000000d9400000| Untracked 
| 405|0x00000000d9500000, 0x00000000d9600000, 0x00000000d9600000|100%| O|  |TAMS 0x00000000d9500000, 0x00000000d9500000| Untracked 
| 406|0x00000000d9600000, 0x00000000d9700000, 0x00000000d9700000|100%| O|  |TAMS 0x00000000d9600000, 0x00000000d9600000| Untracked 
| 407|0x00000000d9700000, 0x00000000d9800000, 0x00000000d9800000|100%| O|  |TAMS 0x00000000d9700000, 0x00000000d9700000| Untracked 
| 408|0x00000000d9800000, 0x00000000d9900000, 0x00000000d9900000|100%| O|  |TAMS 0x00000000d9800000, 0x00000000d9800000| Untracked 
| 409|0x00000000d9900000, 0x00000000d9a00000, 0x00000000d9a00000|100%| O|  |TAMS 0x00000000d9900000, 0x00000000d9900000| Untracked 
| 410|0x00000000d9a00000, 0x00000000d9b00000, 0x00000000d9b00000|100%| O|  |TAMS 0x00000000d9a00000, 0x00000000d9a00000| Untracked 
| 411|0x00000000d9b00000, 0x00000000d9c00000, 0x00000000d9c00000|100%| O|  |TAMS 0x00000000d9b00000, 0x00000000d9b00000| Untracked 
| 412|0x00000000d9c00000, 0x00000000d9d00000, 0x00000000d9d00000|100%| O|  |TAMS 0x00000000d9c00000, 0x00000000d9c00000| Untracked 
| 413|0x00000000d9d00000, 0x00000000d9e00000, 0x00000000d9e00000|100%| O|  |TAMS 0x00000000d9d00000, 0x00000000d9d00000| Untracked 
| 414|0x00000000d9e00000, 0x00000000d9f00000, 0x00000000d9f00000|100%| O|  |TAMS 0x00000000d9e00000, 0x00000000d9e00000| Untracked 
| 415|0x00000000d9f00000, 0x00000000da000000, 0x00000000da000000|100%| O|  |TAMS 0x00000000d9f00000, 0x00000000d9f00000| Untracked 
| 416|0x00000000da000000, 0x00000000da100000, 0x00000000da100000|100%| O|  |TAMS 0x00000000da000000, 0x00000000da000000| Untracked 
| 417|0x00000000da100000, 0x00000000da200000, 0x00000000da200000|100%| O|  |TAMS 0x00000000da100000, 0x00000000da100000| Untracked 
| 418|0x00000000da200000, 0x00000000da300000, 0x00000000da300000|100%| O|  |TAMS 0x00000000da200000, 0x00000000da200000| Untracked 
| 419|0x00000000da300000, 0x00000000da400000, 0x00000000da400000|100%| O|  |TAMS 0x00000000da300000, 0x00000000da300000| Untracked 
| 420|0x00000000da400000, 0x00000000da500000, 0x00000000da500000|100%| O|  |TAMS 0x00000000da400000, 0x00000000da400000| Untracked 
| 421|0x00000000da500000, 0x00000000da600000, 0x00000000da600000|100%| O|  |TAMS 0x00000000da500000, 0x00000000da500000| Untracked 
| 422|0x00000000da600000, 0x00000000da700000, 0x00000000da700000|100%| O|  |TAMS 0x00000000da600000, 0x00000000da600000| Untracked 
| 423|0x00000000da700000, 0x00000000da800000, 0x00000000da800000|100%| O|  |TAMS 0x00000000da700000, 0x00000000da700000| Untracked 
| 424|0x00000000da800000, 0x00000000da900000, 0x00000000da900000|100%| O|  |TAMS 0x00000000da800000, 0x00000000da800000| Untracked 
| 425|0x00000000da900000, 0x00000000daa00000, 0x00000000daa00000|100%| O|  |TAMS 0x00000000da900000, 0x00000000da900000| Untracked 
| 426|0x00000000daa00000, 0x00000000dab00000, 0x00000000dab00000|100%| O|  |TAMS 0x00000000daa00000, 0x00000000daa00000| Untracked 
| 427|0x00000000dab00000, 0x00000000dac00000, 0x00000000dac00000|100%| O|  |TAMS 0x00000000dab00000, 0x00000000dab00000| Untracked 
| 428|0x00000000dac00000, 0x00000000dad00000, 0x00000000dad00000|100%| O|  |TAMS 0x00000000dac00000, 0x00000000dac00000| Untracked 
| 429|0x00000000dad00000, 0x00000000dae00000, 0x00000000dae00000|100%| O|  |TAMS 0x00000000dad00000, 0x00000000dad00000| Untracked 
| 430|0x00000000dae00000, 0x00000000daf00000, 0x00000000daf00000|100%| O|  |TAMS 0x00000000dae00000, 0x00000000dae00000| Untracked 
| 431|0x00000000daf00000, 0x00000000db000000, 0x00000000db000000|100%| O|  |TAMS 0x00000000daf00000, 0x00000000daf00000| Untracked 
| 432|0x00000000db000000, 0x00000000db100000, 0x00000000db100000|100%| O|  |TAMS 0x00000000db000000, 0x00000000db000000| Untracked 
| 433|0x00000000db100000, 0x00000000db200000, 0x00000000db200000|100%| O|  |TAMS 0x00000000db100000, 0x00000000db100000| Untracked 
| 434|0x00000000db200000, 0x00000000db300000, 0x00000000db300000|100%| O|  |TAMS 0x00000000db200000, 0x00000000db200000| Untracked 
| 435|0x00000000db300000, 0x00000000db400000, 0x00000000db400000|100%| O|  |TAMS 0x00000000db300000, 0x00000000db300000| Untracked 
| 436|0x00000000db400000, 0x00000000db400000, 0x00000000db500000|  0%| F|  |TAMS 0x00000000db400000, 0x00000000db400000| Untracked 
| 437|0x00000000db500000, 0x00000000db500000, 0x00000000db600000|  0%| F|  |TAMS 0x00000000db500000, 0x00000000db500000| Untracked 
| 438|0x00000000db600000, 0x00000000db600000, 0x00000000db700000|  0%| F|  |TAMS 0x00000000db600000, 0x00000000db600000| Untracked 
| 439|0x00000000db700000, 0x00000000db700000, 0x00000000db800000|  0%| F|  |TAMS 0x00000000db700000, 0x00000000db700000| Untracked 
| 440|0x00000000db800000, 0x00000000db800000, 0x00000000db900000|  0%| F|  |TAMS 0x00000000db800000, 0x00000000db800000| Untracked 
| 441|0x00000000db900000, 0x00000000db900000, 0x00000000dba00000|  0%| F|  |TAMS 0x00000000db900000, 0x00000000db900000| Untracked 
| 442|0x00000000dba00000, 0x00000000dba00000, 0x00000000dbb00000|  0%| F|  |TAMS 0x00000000dba00000, 0x00000000dba00000| Untracked 
| 443|0x00000000dbb00000, 0x00000000dbb00000, 0x00000000dbc00000|  0%| F|  |TAMS 0x00000000dbb00000, 0x00000000dbb00000| Untracked 
| 444|0x00000000dbc00000, 0x00000000dbc00000, 0x00000000dbd00000|  0%| F|  |TAMS 0x00000000dbc00000, 0x00000000dbc00000| Untracked 
| 445|0x00000000dbd00000, 0x00000000dbd00000, 0x00000000dbe00000|  0%| F|  |TAMS 0x00000000dbd00000, 0x00000000dbd00000| Untracked 
| 446|0x00000000dbe00000, 0x00000000dbe00000, 0x00000000dbf00000|  0%| F|  |TAMS 0x00000000dbe00000, 0x00000000dbe00000| Untracked 
| 447|0x00000000dbf00000, 0x00000000dbf00000, 0x00000000dc000000|  0%| F|  |TAMS 0x00000000dbf00000, 0x00000000dbf00000| Untracked 
| 448|0x00000000dc000000, 0x00000000dc000000, 0x00000000dc100000|  0%| F|  |TAMS 0x00000000dc000000, 0x00000000dc000000| Untracked 
| 449|0x00000000dc100000, 0x00000000dc100000, 0x00000000dc200000|  0%| F|  |TAMS 0x00000000dc100000, 0x00000000dc100000| Untracked 
| 450|0x00000000dc200000, 0x00000000dc200000, 0x00000000dc300000|  0%| F|  |TAMS 0x00000000dc200000, 0x00000000dc200000| Untracked 
| 451|0x00000000dc300000, 0x00000000dc300000, 0x00000000dc400000|  0%| F|  |TAMS 0x00000000dc300000, 0x00000000dc300000| Untracked 
| 452|0x00000000dc400000, 0x00000000dc400000, 0x00000000dc500000|  0%| F|  |TAMS 0x00000000dc400000, 0x00000000dc400000| Untracked 
| 453|0x00000000dc500000, 0x00000000dc500000, 0x00000000dc600000|  0%| F|  |TAMS 0x00000000dc500000, 0x00000000dc500000| Untracked 
| 454|0x00000000dc600000, 0x00000000dc600000, 0x00000000dc700000|  0%| F|  |TAMS 0x00000000dc600000, 0x00000000dc600000| Untracked 
| 455|0x00000000dc700000, 0x00000000dc700000, 0x00000000dc800000|  0%| F|  |TAMS 0x00000000dc700000, 0x00000000dc700000| Untracked 
| 456|0x00000000dc800000, 0x00000000dc800000, 0x00000000dc900000|  0%| F|  |TAMS 0x00000000dc800000, 0x00000000dc800000| Untracked 
| 457|0x00000000dc900000, 0x00000000dc900000, 0x00000000dca00000|  0%| F|  |TAMS 0x00000000dc900000, 0x00000000dc900000| Untracked 
| 458|0x00000000dca00000, 0x00000000dca00000, 0x00000000dcb00000|  0%| F|  |TAMS 0x00000000dca00000, 0x00000000dca00000| Untracked 
| 459|0x00000000dcb00000, 0x00000000dcb00000, 0x00000000dcc00000|  0%| F|  |TAMS 0x00000000dcb00000, 0x00000000dcb00000| Untracked 
| 460|0x00000000dcc00000, 0x00000000dcc00000, 0x00000000dcd00000|  0%| F|  |TAMS 0x00000000dcc00000, 0x00000000dcc00000| Untracked 
| 461|0x00000000dcd00000, 0x00000000dcd00000, 0x00000000dce00000|  0%| F|  |TAMS 0x00000000dcd00000, 0x00000000dcd00000| Untracked 
| 462|0x00000000dce00000, 0x00000000dce00000, 0x00000000dcf00000|  0%| F|  |TAMS 0x00000000dce00000, 0x00000000dce00000| Untracked 
| 463|0x00000000dcf00000, 0x00000000dcf00000, 0x00000000dd000000|  0%| F|  |TAMS 0x00000000dcf00000, 0x00000000dcf00000| Untracked 
| 464|0x00000000dd000000, 0x00000000dd000000, 0x00000000dd100000|  0%| F|  |TAMS 0x00000000dd000000, 0x00000000dd000000| Untracked 
| 465|0x00000000dd100000, 0x00000000dd100000, 0x00000000dd200000|  0%| F|  |TAMS 0x00000000dd100000, 0x00000000dd100000| Untracked 
| 466|0x00000000dd200000, 0x00000000dd200000, 0x00000000dd300000|  0%| F|  |TAMS 0x00000000dd200000, 0x00000000dd200000| Untracked 
| 467|0x00000000dd300000, 0x00000000dd300000, 0x00000000dd400000|  0%| F|  |TAMS 0x00000000dd300000, 0x00000000dd300000| Untracked 
| 468|0x00000000dd400000, 0x00000000dd400000, 0x00000000dd500000|  0%| F|  |TAMS 0x00000000dd400000, 0x00000000dd400000| Untracked 
| 469|0x00000000dd500000, 0x00000000dd500000, 0x00000000dd600000|  0%| F|  |TAMS 0x00000000dd500000, 0x00000000dd500000| Untracked 
| 470|0x00000000dd600000, 0x00000000dd600000, 0x00000000dd700000|  0%| F|  |TAMS 0x00000000dd600000, 0x00000000dd600000| Untracked 
| 471|0x00000000dd700000, 0x00000000dd700000, 0x00000000dd800000|  0%| F|  |TAMS 0x00000000dd700000, 0x00000000dd700000| Untracked 
| 472|0x00000000dd800000, 0x00000000dd800000, 0x00000000dd900000|  0%| F|  |TAMS 0x00000000dd800000, 0x00000000dd800000| Untracked 
| 473|0x00000000dd900000, 0x00000000dd900000, 0x00000000dda00000|  0%| F|  |TAMS 0x00000000dd900000, 0x00000000dd900000| Untracked 
| 474|0x00000000dda00000, 0x00000000dda00000, 0x00000000ddb00000|  0%| F|  |TAMS 0x00000000dda00000, 0x00000000dda00000| Untracked 
| 475|0x00000000ddb00000, 0x00000000ddb00000, 0x00000000ddc00000|  0%| F|  |TAMS 0x00000000ddb00000, 0x00000000ddb00000| Untracked 
| 476|0x00000000ddc00000, 0x00000000ddc00000, 0x00000000ddd00000|  0%| F|  |TAMS 0x00000000ddc00000, 0x00000000ddc00000| Untracked 
| 477|0x00000000ddd00000, 0x00000000ddd00000, 0x00000000dde00000|  0%| F|  |TAMS 0x00000000ddd00000, 0x00000000ddd00000| Untracked 
| 478|0x00000000dde00000, 0x00000000dde00000, 0x00000000ddf00000|  0%| F|  |TAMS 0x00000000dde00000, 0x00000000dde00000| Untracked 
| 479|0x00000000ddf00000, 0x00000000ddf00000, 0x00000000de000000|  0%| F|  |TAMS 0x00000000ddf00000, 0x00000000ddf00000| Untracked 
| 480|0x00000000de000000, 0x00000000de000000, 0x00000000de100000|  0%| F|  |TAMS 0x00000000de000000, 0x00000000de000000| Untracked 
| 481|0x00000000de100000, 0x00000000de100000, 0x00000000de200000|  0%| F|  |TAMS 0x00000000de100000, 0x00000000de100000| Untracked 
| 482|0x00000000de200000, 0x00000000de200000, 0x00000000de300000|  0%| F|  |TAMS 0x00000000de200000, 0x00000000de200000| Untracked 
| 483|0x00000000de300000, 0x00000000de300000, 0x00000000de400000|  0%| F|  |TAMS 0x00000000de300000, 0x00000000de300000| Untracked 
| 484|0x00000000de400000, 0x00000000de400000, 0x00000000de500000|  0%| F|  |TAMS 0x00000000de400000, 0x00000000de400000| Untracked 
| 485|0x00000000de500000, 0x00000000de500000, 0x00000000de600000|  0%| F|  |TAMS 0x00000000de500000, 0x00000000de500000| Untracked 
| 486|0x00000000de600000, 0x00000000de600000, 0x00000000de700000|  0%| F|  |TAMS 0x00000000de600000, 0x00000000de600000| Untracked 
| 487|0x00000000de700000, 0x00000000de700000, 0x00000000de800000|  0%| F|  |TAMS 0x00000000de700000, 0x00000000de700000| Untracked 
| 488|0x00000000de800000, 0x00000000de800000, 0x00000000de900000|  0%| F|  |TAMS 0x00000000de800000, 0x00000000de800000| Untracked 
| 489|0x00000000de900000, 0x00000000de900000, 0x00000000dea00000|  0%| F|  |TAMS 0x00000000de900000, 0x00000000de900000| Untracked 
| 490|0x00000000dea00000, 0x00000000dea00000, 0x00000000deb00000|  0%| F|  |TAMS 0x00000000dea00000, 0x00000000dea00000| Untracked 
| 491|0x00000000deb00000, 0x00000000deb00000, 0x00000000dec00000|  0%| F|  |TAMS 0x00000000deb00000, 0x00000000deb00000| Untracked 
| 492|0x00000000dec00000, 0x00000000dec00000, 0x00000000ded00000|  0%| F|  |TAMS 0x00000000dec00000, 0x00000000dec00000| Untracked 
| 493|0x00000000ded00000, 0x00000000ded00000, 0x00000000dee00000|  0%| F|  |TAMS 0x00000000ded00000, 0x00000000ded00000| Untracked 
| 494|0x00000000dee00000, 0x00000000dee00000, 0x00000000def00000|  0%| F|  |TAMS 0x00000000dee00000, 0x00000000dee00000| Untracked 
| 495|0x00000000def00000, 0x00000000def00000, 0x00000000df000000|  0%| F|  |TAMS 0x00000000def00000, 0x00000000def00000| Untracked 
| 496|0x00000000df000000, 0x00000000df000000, 0x00000000df100000|  0%| F|  |TAMS 0x00000000df000000, 0x00000000df000000| Untracked 
| 497|0x00000000df100000, 0x00000000df100000, 0x00000000df200000|  0%| F|  |TAMS 0x00000000df100000, 0x00000000df100000| Untracked 
| 498|0x00000000df200000, 0x00000000df200000, 0x00000000df300000|  0%| F|  |TAMS 0x00000000df200000, 0x00000000df200000| Untracked 
| 499|0x00000000df300000, 0x00000000df300000, 0x00000000df400000|  0%| F|  |TAMS 0x00000000df300000, 0x00000000df300000| Untracked 
| 500|0x00000000df400000, 0x00000000df400000, 0x00000000df500000|  0%| F|  |TAMS 0x00000000df400000, 0x00000000df400000| Untracked 
| 501|0x00000000df500000, 0x00000000df500000, 0x00000000df600000|  0%| F|  |TAMS 0x00000000df500000, 0x00000000df500000| Untracked 
| 502|0x00000000df600000, 0x00000000df600000, 0x00000000df700000|  0%| F|  |TAMS 0x00000000df600000, 0x00000000df600000| Untracked 
| 503|0x00000000df700000, 0x00000000df700000, 0x00000000df800000|  0%| F|  |TAMS 0x00000000df700000, 0x00000000df700000| Untracked 
| 504|0x00000000df800000, 0x00000000df800000, 0x00000000df900000|  0%| F|  |TAMS 0x00000000df800000, 0x00000000df800000| Untracked 
| 505|0x00000000df900000, 0x00000000dfa00000, 0x00000000dfa00000|100%| S|CS|TAMS 0x00000000df900000, 0x00000000df900000| Complete 
| 506|0x00000000dfa00000, 0x00000000dfb00000, 0x00000000dfb00000|100%| S|CS|TAMS 0x00000000dfa00000, 0x00000000dfa00000| Complete 
| 507|0x00000000dfb00000, 0x00000000dfc00000, 0x00000000dfc00000|100%| S|CS|TAMS 0x00000000dfb00000, 0x00000000dfb00000| Complete 
| 508|0x00000000dfc00000, 0x00000000dfd00000, 0x00000000dfd00000|100%| S|CS|TAMS 0x00000000dfc00000, 0x00000000dfc00000| Complete 
| 509|0x00000000dfd00000, 0x00000000dfe00000, 0x00000000dfe00000|100%| S|CS|TAMS 0x00000000dfd00000, 0x00000000dfd00000| Complete 
| 510|0x00000000dfe00000, 0x00000000dff00000, 0x00000000dff00000|100%| S|CS|TAMS 0x00000000dfe00000, 0x00000000dfe00000| Complete 
| 511|0x00000000dff00000, 0x00000000e0000000, 0x00000000e0000000|100%| S|CS|TAMS 0x00000000dff00000, 0x00000000dff00000| Complete 
| 512|0x00000000e0000000, 0x00000000e0000000, 0x00000000e0100000|  0%| F|  |TAMS 0x00000000e0000000, 0x00000000e0000000| Untracked 
| 513|0x00000000e0100000, 0x00000000e0100000, 0x00000000e0200000|  0%| F|  |TAMS 0x00000000e0100000, 0x00000000e0100000| Untracked 
| 514|0x00000000e0200000, 0x00000000e0200000, 0x00000000e0300000|  0%| F|  |TAMS 0x00000000e0200000, 0x00000000e0200000| Untracked 
| 515|0x00000000e0300000, 0x00000000e0300000, 0x00000000e0400000|  0%| F|  |TAMS 0x00000000e0300000, 0x00000000e0300000| Untracked 
| 516|0x00000000e0400000, 0x00000000e0400000, 0x00000000e0500000|  0%| F|  |TAMS 0x00000000e0400000, 0x00000000e0400000| Untracked 
| 517|0x00000000e0500000, 0x00000000e0500000, 0x00000000e0600000|  0%| F|  |TAMS 0x00000000e0500000, 0x00000000e0500000| Untracked 
| 518|0x00000000e0600000, 0x00000000e0600000, 0x00000000e0700000|  0%| F|  |TAMS 0x00000000e0600000, 0x00000000e0600000| Untracked 
| 519|0x00000000e0700000, 0x00000000e0700000, 0x00000000e0800000|  0%| F|  |TAMS 0x00000000e0700000, 0x00000000e0700000| Untracked 
| 520|0x00000000e0800000, 0x00000000e0800000, 0x00000000e0900000|  0%| F|  |TAMS 0x00000000e0800000, 0x00000000e0800000| Untracked 
| 521|0x00000000e0900000, 0x00000000e0900000, 0x00000000e0a00000|  0%| F|  |TAMS 0x00000000e0900000, 0x00000000e0900000| Untracked 
| 522|0x00000000e0a00000, 0x00000000e0a00000, 0x00000000e0b00000|  0%| F|  |TAMS 0x00000000e0a00000, 0x00000000e0a00000| Untracked 
| 523|0x00000000e0b00000, 0x00000000e0b00000, 0x00000000e0c00000|  0%| F|  |TAMS 0x00000000e0b00000, 0x00000000e0b00000| Untracked 
| 524|0x00000000e0c00000, 0x00000000e0c00000, 0x00000000e0d00000|  0%| F|  |TAMS 0x00000000e0c00000, 0x00000000e0c00000| Untracked 
| 525|0x00000000e0d00000, 0x00000000e0d00000, 0x00000000e0e00000|  0%| F|  |TAMS 0x00000000e0d00000, 0x00000000e0d00000| Untracked 
| 526|0x00000000e0e00000, 0x00000000e0e00000, 0x00000000e0f00000|  0%| F|  |TAMS 0x00000000e0e00000, 0x00000000e0e00000| Untracked 
| 527|0x00000000e0f00000, 0x00000000e0f95340, 0x00000000e1000000| 58%| E|  |TAMS 0x00000000e0f00000, 0x00000000e0f00000| Complete 
| 528|0x00000000e1000000, 0x00000000e1100000, 0x00000000e1100000|100%| E|CS|TAMS 0x00000000e1000000, 0x00000000e1000000| Complete 
| 529|0x00000000e1100000, 0x00000000e1200000, 0x00000000e1200000|100%| E|CS|TAMS 0x00000000e1100000, 0x00000000e1100000| Complete 
| 530|0x00000000e1200000, 0x00000000e1300000, 0x00000000e1300000|100%| E|CS|TAMS 0x00000000e1200000, 0x00000000e1200000| Complete 
| 531|0x00000000e1300000, 0x00000000e1400000, 0x00000000e1400000|100%| E|CS|TAMS 0x00000000e1300000, 0x00000000e1300000| Complete 
| 532|0x00000000e1400000, 0x00000000e1500000, 0x00000000e1500000|100%| E|CS|TAMS 0x00000000e1400000, 0x00000000e1400000| Complete 
| 533|0x00000000e1500000, 0x00000000e1600000, 0x00000000e1600000|100%| E|CS|TAMS 0x00000000e1500000, 0x00000000e1500000| Complete 
| 534|0x00000000e1600000, 0x00000000e1700000, 0x00000000e1700000|100%| E|CS|TAMS 0x00000000e1600000, 0x00000000e1600000| Complete 
| 535|0x00000000e1700000, 0x00000000e1800000, 0x00000000e1800000|100%| E|CS|TAMS 0x00000000e1700000, 0x00000000e1700000| Complete 
| 536|0x00000000e1800000, 0x00000000e1900000, 0x00000000e1900000|100%| E|CS|TAMS 0x00000000e1800000, 0x00000000e1800000| Complete 
| 537|0x00000000e1900000, 0x00000000e1a00000, 0x00000000e1a00000|100%| E|CS|TAMS 0x00000000e1900000, 0x00000000e1900000| Complete 
| 538|0x00000000e1a00000, 0x00000000e1b00000, 0x00000000e1b00000|100%| E|CS|TAMS 0x00000000e1a00000, 0x00000000e1a00000| Complete 
| 539|0x00000000e1b00000, 0x00000000e1c00000, 0x00000000e1c00000|100%| E|CS|TAMS 0x00000000e1b00000, 0x00000000e1b00000| Complete 
| 540|0x00000000e1c00000, 0x00000000e1d00000, 0x00000000e1d00000|100%| E|CS|TAMS 0x00000000e1c00000, 0x00000000e1c00000| Complete 
| 541|0x00000000e1d00000, 0x00000000e1e00000, 0x00000000e1e00000|100%| E|CS|TAMS 0x00000000e1d00000, 0x00000000e1d00000| Complete 
| 542|0x00000000e1e00000, 0x00000000e1f00000, 0x00000000e1f00000|100%| E|CS|TAMS 0x00000000e1e00000, 0x00000000e1e00000| Complete 
| 543|0x00000000e1f00000, 0x00000000e2000000, 0x00000000e2000000|100%| E|CS|TAMS 0x00000000e1f00000, 0x00000000e1f00000| Complete 
| 544|0x00000000e2000000, 0x00000000e2100000, 0x00000000e2100000|100%| E|CS|TAMS 0x00000000e2000000, 0x00000000e2000000| Complete 
| 545|0x00000000e2100000, 0x00000000e2200000, 0x00000000e2200000|100%| E|CS|TAMS 0x00000000e2100000, 0x00000000e2100000| Complete 
| 546|0x00000000e2200000, 0x00000000e2300000, 0x00000000e2300000|100%| E|CS|TAMS 0x00000000e2200000, 0x00000000e2200000| Complete 
| 547|0x00000000e2300000, 0x00000000e2400000, 0x00000000e2400000|100%| E|CS|TAMS 0x00000000e2300000, 0x00000000e2300000| Complete 
| 548|0x00000000e2400000, 0x00000000e2500000, 0x00000000e2500000|100%| E|CS|TAMS 0x00000000e2400000, 0x00000000e2400000| Complete 
| 549|0x00000000e2500000, 0x00000000e2600000, 0x00000000e2600000|100%| E|CS|TAMS 0x00000000e2500000, 0x00000000e2500000| Complete 
| 550|0x00000000e2600000, 0x00000000e2700000, 0x00000000e2700000|100%| E|CS|TAMS 0x00000000e2600000, 0x00000000e2600000| Complete 
| 551|0x00000000e2700000, 0x00000000e2800000, 0x00000000e2800000|100%| E|CS|TAMS 0x00000000e2700000, 0x00000000e2700000| Complete 
|1018|0x00000000ffa00000, 0x00000000ffb00000, 0x00000000ffb00000|100%| O|  |TAMS 0x00000000ffb00000, 0x00000000ffa00000| Updating 
|1019|0x00000000ffb00000, 0x00000000ffc00000, 0x00000000ffc00000|100%| O|  |TAMS 0x00000000ffc00000, 0x00000000ffb00000| Untracked 
|1020|0x00000000ffc00000, 0x00000000ffd00000, 0x00000000ffd00000|100%| O|  |TAMS 0x00000000ffd00000, 0x00000000ffc00000| Untracked 
|1021|0x00000000ffd00000, 0x00000000ffe00000, 0x00000000ffe00000|100%| O|  |TAMS 0x00000000ffe00000, 0x00000000ffd00000| Untracked 
|1022|0x00000000ffe00000, 0x00000000ffe75000, 0x00000000fff00000| 45%|OA|  |TAMS 0x00000000ffe75000, 0x00000000ffe00000| Untracked 
|1023|0x00000000fff00000, 0x00000000fff78000, 0x0000000100000000| 46%|CA|  |TAMS 0x00000000fff78000, 0x00000000fff00000| Untracked 

Card table byte_map: [0x00007f9c994d1000,0x00007f9c996d1000] _byte_map_base: 0x00007f9c98ed1000

Marking Bits (Prev, Next): (CMBitMap*) 0x00007f9c94057aa0, (CMBitMap*) 0x00007f9c94057a60
 Prev Bits: [0x00007f9c7c511000, 0x00007f9c7d511000)
 Next Bits: [0x00007f9c982d1000, 0x00007f9c992d1000)

Polling page: 0x00007f9c9b694000

Metaspace:

Usage:
  Non-class:    172.33 MB used.
      Class:     24.39 MB used.
       Both:    196.72 MB used.

Virtual space:
  Non-class space:      192.00 MB reserved,     172.88 MB ( 90%) committed,  3 nodes.
      Class space:      416.00 MB reserved,      24.88 MB (  6%) committed,  1 nodes.
             Both:      608.00 MB reserved,     197.75 MB ( 33%) committed. 

Chunk freelists:
   Non-Class:  2.73 MB
       Class:  7.01 MB
        Both:  9.74 MB

MaxMetaspaceSize: 512.00 MB
CompressedClassSpaceSize: 416.00 MB
Initial GC threshold: 21.00 MB
Current GC threshold: 258.06 MB
CDS: on
MetaspaceReclaimPolicy: balanced
 - commit_granule_bytes: 65536.
 - commit_granule_words: 8192.
 - virtual_space_node_default_size: 8388608.
 - enlarge_chunks_in_place: 1.
 - new_chunks_are_fully_committed: 0.
 - uncommit_free_chunks: 1.
 - use_allocation_guard: 0.
 - handle_deallocations: 1.


Internal statistics:

num_allocs_failed_limit: 28.
num_arena_births: 1576.
num_arena_deaths: 0.
num_vsnodes_births: 4.
num_vsnodes_deaths: 0.
num_space_committed: 3161.
num_space_uncommitted: 0.
num_chunks_returned_to_freelist: 28.
num_chunks_taken_from_freelist: 10217.
num_chunk_merges: 28.
num_chunk_splits: 6952.
num_chunks_enlarged: 4690.
num_inconsistent_stats: 0.

CodeHeap 'non-profiled nmethods': size=120036Kb used=13094Kb max_used=13252Kb free=106941Kb
 bounds [0x00007f9c84fd8000, 0x00007f9c85cd8000, 0x00007f9c8c511000]
CodeHeap 'profiled nmethods': size=120032Kb used=82957Kb max_used=82957Kb free=37074Kb
 bounds [0x00007f9c7d511000, 0x00007f9c82621000, 0x00007f9c84a49000]
CodeHeap 'non-nmethods': size=5692Kb used=1997Kb max_used=2103Kb free=3694Kb
 bounds [0x00007f9c84a49000, 0x00007f9c84cb9000, 0x00007f9c84fd8000]
 total_blobs=31364 nmethods=30244 adapters=1028
 compilation: enabled
              stopped_count=0, restarted_count=0
 full_count=0

Compilation events (20 events):
Event: 128.294 Thread 0x00007f9c940b8a60 43469       2       java.lang.WeakPairMap::expungeStaleAssociations (31 bytes)
Event: 128.295 Thread 0x00007f9c940b8a60 nmethod 43469 0x00007f9c8260de10 code [0x00007f9c8260dfe0, 0x00007f9c8260e300]
Event: 128.302 Thread 0x00007f9c940b8a60 43470 %     3       java.security.AccessControlContext::combine @ 104 (205 bytes)
Event: 128.302 Thread 0x00007f9c940b8a60 nmethod 43470% 0x00007f9c8260e510 code [0x00007f9c8260e760, 0x00007f9c8260f470]
Event: 128.303 Thread 0x00007f9c940b8a60 43471       3       java.security.AccessControlContext::combine (205 bytes)
Event: 128.303 Thread 0x00007f9c940b8a60 nmethod 43471 0x00007f9c8260f810 code [0x00007f9c8260fa60, 0x00007f9c826105b0]
Event: 128.304 Thread 0x00007f9c940b8a60 43472       2       java.lang.ProcessEnvironment$ExternalData::<init> (15 bytes)
Event: 128.304 Thread 0x00007f9c940b8a60 nmethod 43472 0x00007f9c82610890 code [0x00007f9c82610a20, 0x00007f9c82610bd0]
Event: 128.304 Thread 0x00007f9c940b8a60 43473   !   2       java.nio.charset.Charset::defaultCharset (53 bytes)
Event: 128.304 Thread 0x00007f9c940b8a60 nmethod 43473 0x00007f9c82610c90 code [0x00007f9c82610ea0, 0x00007f9c82611410]
Event: 128.304 Thread 0x00007f9c940b8a60 43474       2       java.lang.ProcessEnvironment::arrayHash (27 bytes)
Event: 128.304 Thread 0x00007f9c940b8a60 nmethod 43474 0x00007f9c82611710 code [0x00007f9c826118a0, 0x00007f9c826119f0]
Event: 128.702 Thread 0x00007f9c940b8a60 43480       2       com.android.tools.r8.internal.oo::<init> (35 bytes)
Event: 128.703 Thread 0x00007f9c940b8a60 nmethod 43480 0x00007f9c82611b10 code [0x00007f9c82611cc0, 0x00007f9c82611e20]
Event: 128.704 Thread 0x00007f9c940b8a60 43481       3       com.android.tools.r8.internal.BD::get (37 bytes)
Event: 128.704 Thread 0x00007f9c940b8a60 nmethod 43481 0x00007f9c82611f10 code [0x00007f9c826120c0, 0x00007f9c82612330]
Event: 128.873 Thread 0x00007f9c940b8a60 43482       3       com.android.tools.r8.internal.BD::b (146 bytes)
Event: 128.874 Thread 0x00007f9c940b8a60 nmethod 43482 0x00007f9c82612490 code [0x00007f9c826126a0, 0x00007f9c82612e50]
Event: 128.976 Thread 0x00007f9c940b8a60 43486 %     3       com.android.tools.r8.graph.L4::b @ 94 (157 bytes)
Event: 128.978 Thread 0x00007f9c940b8a60 nmethod 43486% 0x00007f9c82613190 code [0x00007f9c826134c0, 0x00007f9c82614bd0]

GC Heap History (20 events):
Event: 118.712 GC heap before
{Heap before GC invocations=109 (full 0):
 garbage-first heap   total 571392K, used 506850K [0x00000000c0000000, 0x0000000100000000)
  region size 1024K, 154 young (157696K), 3 survivors (3072K)
 Metaspace       used 198624K, committed 199680K, reserved 622592K
  class space    used 24719K, committed 25216K, reserved 425984K
}
Event: 118.772 GC heap after
{Heap after GC invocations=110 (full 0):
 garbage-first heap   total 571392K, used 352777K [0x00000000c0000000, 0x0000000100000000)
  region size 1024K, 4 young (4096K), 4 survivors (4096K)
 Metaspace       used 198624K, committed 199680K, reserved 622592K
  class space    used 24719K, committed 25216K, reserved 425984K
}
Event: 119.993 GC heap before
{Heap before GC invocations=110 (full 0):
 garbage-first heap   total 571392K, used 506377K [0x00000000c0000000, 0x0000000100000000)
  region size 1024K, 154 young (157696K), 4 survivors (4096K)
 Metaspace       used 198624K, committed 199680K, reserved 622592K
  class space    used 24719K, committed 25216K, reserved 425984K
}
Event: 120.010 GC heap after
{Heap after GC invocations=111 (full 0):
 garbage-first heap   total 571392K, used 353574K [0x00000000c0000000, 0x0000000100000000)
  region size 1024K, 5 young (5120K), 5 survivors (5120K)
 Metaspace       used 198624K, committed 199680K, reserved 622592K
  class space    used 24719K, committed 25216K, reserved 425984K
}
Event: 121.086 GC heap before
{Heap before GC invocations=111 (full 0):
 garbage-first heap   total 571392K, used 506150K [0x00000000c0000000, 0x0000000100000000)
  region size 1024K, 154 young (157696K), 5 survivors (5120K)
 Metaspace       used 198635K, committed 199744K, reserved 622592K
  class space    used 24719K, committed 25216K, reserved 425984K
}
Event: 121.109 GC heap after
{Heap after GC invocations=112 (full 0):
 garbage-first heap   total 571392K, used 354023K [0x00000000c0000000, 0x0000000100000000)
  region size 1024K, 5 young (5120K), 5 survivors (5120K)
 Metaspace       used 198635K, committed 199744K, reserved 622592K
  class space    used 24719K, committed 25216K, reserved 425984K
}
Event: 122.180 GC heap before
{Heap before GC invocations=112 (full 0):
 garbage-first heap   total 571392K, used 506599K [0x00000000c0000000, 0x0000000100000000)
  region size 1024K, 154 young (157696K), 5 survivors (5120K)
 Metaspace       used 198639K, committed 199744K, reserved 622592K
  class space    used 24719K, committed 25216K, reserved 425984K
}
Event: 122.204 GC heap after
{Heap after GC invocations=113 (full 0):
 garbage-first heap   total 571392K, used 354725K [0x00000000c0000000, 0x0000000100000000)
  region size 1024K, 6 young (6144K), 6 survivors (6144K)
 Metaspace       used 198639K, committed 199744K, reserved 622592K
  class space    used 24719K, committed 25216K, reserved 425984K
}
Event: 125.078 GC heap before
{Heap before GC invocations=113 (full 0):
 garbage-first heap   total 571392K, used 531877K [0x00000000c0000000, 0x0000000100000000)
  region size 1024K, 153 young (156672K), 6 survivors (6144K)
 Metaspace       used 200528K, committed 201600K, reserved 622592K
  class space    used 24873K, committed 25408K, reserved 425984K
}
Event: 125.096 GC heap after
{Heap after GC invocations=114 (full 0):
 garbage-first heap   total 571392K, used 373218K [0x00000000c0000000, 0x0000000100000000)
  region size 1024K, 9 young (9216K), 9 survivors (9216K)
 Metaspace       used 200528K, committed 201600K, reserved 622592K
  class space    used 24873K, committed 25408K, reserved 425984K
}
Event: 125.181 GC heap before
{Heap before GC invocations=114 (full 0):
 garbage-first heap   total 571392K, used 416226K [0x00000000c0000000, 0x0000000100000000)
  region size 1024K, 21 young (21504K), 9 survivors (9216K)
 Metaspace       used 200542K, committed 201664K, reserved 622592K
  class space    used 24873K, committed 25408K, reserved 425984K
}
Event: 125.194 GC heap after
{Heap after GC invocations=115 (full 0):
 garbage-first heap   total 571392K, used 393261K [0x00000000c0000000, 0x0000000100000000)
  region size 1024K, 12 young (12288K), 12 survivors (12288K)
 Metaspace       used 200542K, committed 201664K, reserved 622592K
  class space    used 24873K, committed 25408K, reserved 425984K
}
Event: 126.172 GC heap before
{Heap before GC invocations=115 (full 0):
 garbage-first heap   total 571392K, used 495661K [0x00000000c0000000, 0x0000000100000000)
  region size 1024K, 108 young (110592K), 12 survivors (12288K)
 Metaspace       used 200670K, committed 201728K, reserved 622592K
  class space    used 24878K, committed 25408K, reserved 425984K
}
Event: 126.213 GC heap after
{Heap after GC invocations=116 (full 0):
 garbage-first heap   total 571392K, used 405682K [0x00000000c0000000, 0x0000000100000000)
  region size 1024K, 14 young (14336K), 14 survivors (14336K)
 Metaspace       used 200670K, committed 201728K, reserved 622592K
  class space    used 24878K, committed 25408K, reserved 425984K
}
Event: 126.997 GC heap before
{Heap before GC invocations=116 (full 0):
 garbage-first heap   total 571392K, used 485554K [0x00000000c0000000, 0x0000000100000000)
  region size 1024K, 93 young (95232K), 14 survivors (14336K)
 Metaspace       used 201009K, committed 202048K, reserved 622592K
  class space    used 24905K, committed 25408K, reserved 425984K
}
Event: 127.186 GC heap after
{Heap after GC invocations=117 (full 0):
 garbage-first heap   total 571392K, used 422519K [0x00000000c0000000, 0x0000000100000000)
  region size 1024K, 12 young (12288K), 12 survivors (12288K)
 Metaspace       used 201009K, committed 202048K, reserved 622592K
  class space    used 24905K, committed 25408K, reserved 425984K
}
Event: 127.970 GC heap before
{Heap before GC invocations=117 (full 0):
 garbage-first heap   total 571392K, used 484983K [0x00000000c0000000, 0x0000000100000000)
  region size 1024K, 74 young (75776K), 12 survivors (12288K)
 Metaspace       used 201079K, committed 202112K, reserved 622592K
  class space    used 24915K, committed 25408K, reserved 425984K
}
Event: 128.079 GC heap after
{Heap after GC invocations=118 (full 0):
 garbage-first heap   total 571392K, used 444852K [0x00000000c0000000, 0x0000000100000000)
  region size 1024K, 10 young (10240K), 10 survivors (10240K)
 Metaspace       used 201079K, committed 202112K, reserved 622592K
  class space    used 24915K, committed 25408K, reserved 425984K
}
Event: 128.495 GC heap before
{Heap before GC invocations=118 (full 0):
 garbage-first heap   total 571392K, used 485812K [0x00000000c0000000, 0x0000000100000000)
  region size 1024K, 50 young (51200K), 10 survivors (10240K)
 Metaspace       used 201440K, committed 202496K, reserved 622592K
  class space    used 24972K, committed 25472K, reserved 425984K
}
Event: 128.678 GC heap after
{Heap after GC invocations=119 (full 0):
 garbage-first heap   total 571392K, used 458676K [0x00000000c0000000, 0x0000000100000000)
  region size 1024K, 7 young (7168K), 7 survivors (7168K)
 Metaspace       used 201440K, committed 202496K, reserved 622592K
  class space    used 24972K, committed 25472K, reserved 425984K
}

Dll operation events (14 events):
Event: 0.002 Loaded shared library /usr/lib/jvm/java-17-openjdk-amd64/lib/libjava.so
Event: 0.020 Loaded shared library /usr/lib/jvm/java-17-openjdk-amd64/lib/libjsvml.so
Event: 0.096 Loaded shared library /usr/lib/jvm/java-17-openjdk-amd64/lib/libzip.so
Event: 0.097 Loaded shared library /usr/lib/jvm/java-17-openjdk-amd64/lib/libinstrument.so
Event: 0.099 Loaded shared library /usr/lib/jvm/java-17-openjdk-amd64/lib/libnio.so
Event: 0.101 Loaded shared library /usr/lib/jvm/java-17-openjdk-amd64/lib/libzip.so
Event: 0.291 Loaded shared library /usr/lib/jvm/java-17-openjdk-amd64/lib/libjimage.so
Event: 0.412 Loaded shared library /usr/lib/jvm/java-17-openjdk-amd64/lib/libverify.so
Event: 0.705 Loaded shared library /usr/lib/jvm/java-17-openjdk-amd64/lib/libnet.so
Event: 0.707 Loaded shared library /tmp/gradle_home/native/c067742578af261105cb4f569cf0c3c89f3d7b1fecec35dd04571415982c5e48/linux-amd64/libnative-platform.so
Event: 0.714 Loaded shared library /tmp/gradle_home/native/100fb08df4bc3b14c8652ba06237920a3bd2aa13389f12d3474272988ae205f9/linux-amd64/libnative-platform-file-events.so
Event: 2.075 Loaded shared library /usr/lib/jvm/java-17-openjdk-amd64/lib/libmanagement.so
Event: 2.077 Loaded shared library /usr/lib/jvm/java-17-openjdk-amd64/lib/libmanagement_ext.so
Event: 2.222 Loaded shared library /usr/lib/jvm/java-17-openjdk-amd64/lib/libextnet.so

Deoptimization events (20 events):
Event: 127.412 Thread 0x00007f9c69eaea60 DEOPT PACKING pc=0x00007f9c7f773bec sp=0x00007f9c1bef8920
Event: 127.412 Thread 0x00007f9c69eaea60 DEOPT UNPACKING pc=0x00007f9c84aa364f sp=0x00007f9c1bef7e58 mode 0
Event: 127.599 Thread 0x00007f9c69eaea60 DEOPT PACKING pc=0x00007f9c7f773a50 sp=0x00007f9c1bef7ec0
Event: 127.599 Thread 0x00007f9c69eaea60 DEOPT UNPACKING pc=0x00007f9c84aa364f sp=0x00007f9c1bef73f8 mode 0
Event: 127.787 Thread 0x00007f9c34003ec0 DEOPT PACKING pc=0x00007f9c81b9a594 sp=0x00007f9c1a8e7160
Event: 127.787 Thread 0x00007f9c34003ec0 DEOPT UNPACKING pc=0x00007f9c84aa364f sp=0x00007f9c1a8e6678 mode 0
Event: 127.802 Thread 0x00007f9c69eaea60 Uncommon trap: trap_request=0xffffff45 fr.pc=0x00007f9c852f537c relative=0x0000000000001edc
Event: 127.802 Thread 0x00007f9c69eaea60 Uncommon trap: reason=unstable_if action=reinterpret pc=0x00007f9c852f537c method=java.util.jar.Manifest$FastInputStream.readLine([BII)I @ 106 c2
Event: 127.802 Thread 0x00007f9c69eaea60 DEOPT PACKING pc=0x00007f9c852f537c sp=0x00007f9c1bef5600
Event: 127.802 Thread 0x00007f9c69eaea60 DEOPT UNPACKING pc=0x00007f9c84aa2b19 sp=0x00007f9c1bef54d8 mode 2
Event: 127.802 Thread 0x00007f9c69eaea60 Uncommon trap: trap_request=0xffffff45 fr.pc=0x00007f9c8510de20 relative=0x00000000000004e0
Event: 127.802 Thread 0x00007f9c69eaea60 Uncommon trap: reason=unstable_if action=reinterpret pc=0x00007f9c8510de20 method=java.util.jar.Manifest$FastInputStream.readLine([BII)I @ 106 c2
Event: 127.802 Thread 0x00007f9c69eaea60 DEOPT PACKING pc=0x00007f9c8510de20 sp=0x00007f9c1bef5550
Event: 127.802 Thread 0x00007f9c69eaea60 DEOPT UNPACKING pc=0x00007f9c84aa2b19 sp=0x00007f9c1bef54e0 mode 2
Event: 128.289 Thread 0x00007f9c69eaea60 Uncommon trap: trap_request=0xffffff45 fr.pc=0x00007f9c8531a36c relative=0x000000000000086c
Event: 128.289 Thread 0x00007f9c69eaea60 Uncommon trap: reason=unstable_if action=reinterpret pc=0x00007f9c8531a36c method=org.apache.commons.io.FilenameUtils.doNormalize(Ljava/lang/String;CZ)Ljava/lang/String; @ 215 c2
Event: 128.289 Thread 0x00007f9c69eaea60 DEOPT PACKING pc=0x00007f9c8531a36c sp=0x00007f9c1bef52e0
Event: 128.289 Thread 0x00007f9c69eaea60 DEOPT UNPACKING pc=0x00007f9c84aa2b19 sp=0x00007f9c1bef5278 mode 2
Event: 128.303 Thread 0x00007f9c69eaea60 DEOPT PACKING pc=0x00007f9c7e7850c3 sp=0x00007f9c1bef4ef0
Event: 128.303 Thread 0x00007f9c69eaea60 DEOPT UNPACKING pc=0x00007f9c84aa364f sp=0x00007f9c1bef43b8 mode 0

Classes loaded (20 events):
Event: 128.384 Loading class java/lang/ProcessHandleImpl
Event: 128.385 Loading class java/lang/ProcessHandleImpl done
Event: 128.386 Loading class java/lang/ProcessImpl$1
Event: 128.386 Loading class java/lang/ProcessImpl$1 done
Event: 128.386 Loading class java/lang/ProcessImpl$ProcessPipeOutputStream
Event: 128.387 Loading class java/lang/ProcessImpl$ProcessPipeOutputStream done
Event: 128.387 Loading class java/lang/ProcessImpl$ProcessPipeInputStream
Event: 128.387 Loading class java/lang/ProcessImpl$ProcessPipeInputStream done
Event: 128.395 Loading class java/lang/Process$PipeInputStream
Event: 128.395 Loading class java/lang/Process$PipeInputStream done
Event: 128.408 Loading class java/lang/ProcessHandleImpl$ExitCompletion
Event: 128.408 Loading class java/lang/ProcessHandleImpl$ExitCompletion done
Event: 128.408 Loading class java/lang/ProcessHandleImpl$1
Event: 128.409 Loading class java/lang/ProcessHandleImpl$1 done
Event: 128.468 Loading class java/util/concurrent/CompletableFuture$UniHandle
Event: 128.469 Loading class java/util/concurrent/CompletableFuture$UniCompletion
Event: 128.469 Loading class java/util/concurrent/CompletableFuture$UniCompletion done
Event: 128.469 Loading class java/util/concurrent/CompletableFuture$UniHandle done
Event: 128.469 Loading class jdk/internal/event/ProcessStartEvent
Event: 128.470 Loading class jdk/internal/event/ProcessStartEvent done

Classes unloaded (0 events):
No events

Classes redefined (0 events):
No events

Internal exceptions (20 events):
Event: 100.183 Thread 0x00007f9c95362200 Exception <a 'java/lang/NoSuchMethodError'{0x00000000da5a41f8}: 'java.lang.Object java.lang.invoke.DirectMethodHandle$Holder.newInvokeSpecial(java.lang.Object, int, int, java.lang.Object)'> (0x00000000da5a41f8) 
thrown [./src/hotspot/share/interpreter/linkResolver.cpp, line 758]
Event: 100.183 Thread 0x00007f9c95362200 Exception <a 'java/lang/NoSuchMethodError'{0x00000000da5a87a8}: 'java.lang.Object java.lang.invoke.DirectMethodHandle$Holder.invokeSpecial(java.lang.Object, java.lang.Object, int, int, java.lang.Object)'> (0x00000000da5a87a8) 
thrown [./src/hotspot/share/interpreter/linkResolver.cpp, line 758]
Event: 100.184 Thread 0x00007f9c95362200 Exception <a 'java/lang/NoSuchMethodError'{0x00000000da5b9a50}: 'java.lang.Object java.lang.invoke.DirectMethodHandle$Holder.invokeStatic(java.lang.Object, java.lang.Object, int, int, java.lang.Object)'> (0x00000000da5b9a50) 
thrown [./src/hotspot/share/interpreter/linkResolver.cpp, line 758]
Event: 107.269 Thread 0x00007f9c68522030 Exception <a 'sun/nio/fs/UnixException'{0x00000000dfb167e8}> (0x00000000dfb167e8) 
thrown [./src/hotspot/share/prims/jni.cpp, line 516]
Event: 107.381 Thread 0x00007f9c68522030 Exception <a 'sun/nio/fs/UnixException'{0x00000000de78ed08}> (0x00000000de78ed08) 
thrown [./src/hotspot/share/prims/jni.cpp, line 516]
Event: 110.481 Thread 0x00007f9c7803e910 Implicit null exception at 0x00007f9c85b8f2a7 to 0x00007f9c85b93514
Event: 110.481 Thread 0x00007f9c7803e910 Implicit null exception at 0x00007f9c857e1200 to 0x00007f9c857e1278
Event: 110.485 Thread 0x00007f9c7803e910 Implicit null exception at 0x00007f9c8591fee0 to 0x00007f9c859244ac
Event: 111.079 Thread 0x00007f9c68522030 Exception <a 'sun/nio/fs/UnixException'{0x00000000de1ee368}> (0x00000000de1ee368) 
thrown [./src/hotspot/share/prims/jni.cpp, line 516]
Event: 115.492 Thread 0x00007f9c68522030 Exception <a 'sun/nio/fs/UnixException'{0x00000000d9bbca60}> (0x00000000d9bbca60) 
thrown [./src/hotspot/share/prims/jni.cpp, line 516]
Event: 124.112 Thread 0x00007f9c7803e910 Exception <a 'sun/nio/fs/UnixException'{0x00000000db8aaea0}> (0x00000000db8aaea0) 
thrown [./src/hotspot/share/prims/jni.cpp, line 516]
Event: 124.499 Thread 0x00007f9c69eaea60 Exception <a 'sun/nio/fs/UnixException'{0x00000000db2fdab0}> (0x00000000db2fdab0) 
thrown [./src/hotspot/share/prims/jni.cpp, line 516]
Event: 124.499 Thread 0x00007f9c69eaea60 Exception <a 'sun/nio/fs/UnixException'{0x00000000db2ff6e8}> (0x00000000db2ff6e8) 
thrown [./src/hotspot/share/prims/jni.cpp, line 516]
Event: 124.500 Thread 0x00007f9c69eaea60 Exception <a 'sun/nio/fs/UnixException'{0x00000000db11da78}> (0x00000000db11da78) 
thrown [./src/hotspot/share/prims/jni.cpp, line 516]
Event: 124.506 Thread 0x00007f9c69eaea60 Exception <a 'java/lang/NoSuchMethodError'{0x00000000db13e9e8}: static Ljava/lang/Object;.<clinit>()V> (0x00000000db13e9e8) 
thrown [./src/hotspot/share/prims/jni.cpp, line 1112]
Event: 124.586 Thread 0x00007f9c69eaea60 Implicit null exception at 0x00007f9c8531bc60 to 0x00007f9c8531bce5
Event: 124.988 Thread 0x00007f9c69eaea60 Implicit null exception at 0x00007f9c854660a0 to 0x00007f9c8546633c
Event: 126.468 Thread 0x00007f9c28004d20 Exception <a 'java/lang/NoSuchMethodError'{0x00000000e0a397c0}: 'long java.lang.invoke.DirectMethodHandle$Holder.invokeStatic(java.lang.Object, java.lang.Object, java.lang.Object)'> (0x00000000e0a397c0) 
thrown [./src/hotspot/share/interpreter/linkResolver.cpp, line 758]
Event: 128.385 Thread 0x00007f9c78151320 Exception <a 'java/lang/NoSuchMethodError'{0x00000000e0ca1c20}: 'java.lang.Object java.lang.invoke.DirectMethodHandle$Holder.invokeStatic(java.lang.Object, java.lang.Object, long, java.lang.Object)'> (0x00000000e0ca1c20) 
thrown [./src/hotspot/share/interpreter/linkResolver.cpp, line 758]
Event: 128.386 Thread 0x00007f9c78151320 Exception <a 'java/lang/NoSuchMethodError'{0x00000000e0ca53f8}: 'java.lang.Object java.lang.invoke.DirectMethodHandle$Holder.invokeStaticInit(java.lang.Object, java.lang.Object, long, java.lang.Object)'> (0x00000000e0ca53f8) 
thrown [./src/hotspot/share/interpreter/linkResolver.cpp, line 758]

VM Operations (20 events):
Event: 126.494 Executing VM operation: HandshakeAllThreads done
Event: 126.501 Executing VM operation: HandshakeAllThreads
Event: 126.501 Executing VM operation: HandshakeAllThreads done
Event: 126.996 Executing VM operation: G1CollectForAllocation
Event: 127.186 Executing VM operation: G1CollectForAllocation done
Event: 127.580 Executing VM operation: HandshakeAllThreads
Event: 127.581 Executing VM operation: HandshakeAllThreads done
Event: 127.787 Executing VM operation: HandshakeAllThreads
Event: 127.787 Executing VM operation: HandshakeAllThreads done
Event: 127.797 Executing VM operation: HandshakeAllThreads
Event: 127.802 Executing VM operation: HandshakeAllThreads done
Event: 127.969 Executing VM operation: G1CollectForAllocation
Event: 128.079 Executing VM operation: G1CollectForAllocation done
Event: 128.394 Executing VM operation: HandshakeAllThreads
Event: 128.395 Executing VM operation: HandshakeAllThreads done
Event: 128.404 Executing VM operation: HandshakeAllThreads
Event: 128.408 Executing VM operation: HandshakeAllThreads done
Event: 128.495 Executing VM operation: G1CollectForAllocation
Event: 128.679 Executing VM operation: G1CollectForAllocation done
Event: 128.987 Executing VM operation: G1PauseRemark

Memory protections (20 events):
Event: 28.585 Protecting memory [0x00007f9c1b4f6000,0x00007f9c1b4fa000] with protection modes 0
Event: 28.720 Protecting memory [0x00007f9c1b3f5000,0x00007f9c1b3f9000] with protection modes 0
Event: 28.874 Protecting memory [0x00007f9c1b2f4000,0x00007f9c1b2f8000] with protection modes 0
Event: 29.005 Protecting memory [0x00007f9c1b1f3000,0x00007f9c1b1f7000] with protection modes 0
Event: 29.072 Protecting memory [0x00007f9c1b0f2000,0x00007f9c1b0f6000] with protection modes 0
Event: 29.383 Protecting memory [0x00007f9c1aff1000,0x00007f9c1aff5000] with protection modes 0
Event: 29.603 Protecting memory [0x00007f9c1aef0000,0x00007f9c1aef4000] with protection modes 0
Event: 29.670 Protecting memory [0x00007f9c1adef000,0x00007f9c1adf3000] with protection modes 0
Event: 30.877 Protecting memory [0x00007f9c1acee000,0x00007f9c1acf2000] with protection modes 0
Event: 30.979 Protecting memory [0x00007f9c1abed000,0x00007f9c1abf1000] with protection modes 0
Event: 30.979 Protecting memory [0x00007f9c1aaec000,0x00007f9c1aaf0000] with protection modes 0
Event: 31.179 Protecting memory [0x00007f9c1a9eb000,0x00007f9c1a9ef000] with protection modes 0
Event: 31.404 Protecting memory [0x00007f9c1a8ea000,0x00007f9c1a8ee000] with protection modes 0
Event: 124.494 Protecting memory [0x00007f9c1aaec000,0x00007f9c1aaf0000] with protection modes 0
Event: 126.406 Protecting memory [0x00007f9c1bf00000,0x00007f9c1bf04000] with protection modes 0
Event: 126.410 Protecting memory [0x00007f9c1a7e9000,0x00007f9c1a7ed000] with protection modes 0
Event: 128.303 Protecting memory [0x00007f9c1a6e8000,0x00007f9c1a6ec000] with protection modes 0
Event: 128.469 Protecting memory [0x00007f9c6d0cd000,0x00007f9c6d0d1000] with protection modes 0
Event: 128.481 Protecting memory [0x00007f9c1a5e7000,0x00007f9c1a5eb000] with protection modes 0
Event: 128.488 Protecting memory [0x00007f9c1a4e6000,0x00007f9c1a4ea000] with protection modes 0

Nmethod flushes (20 events):
Event: 125.597 Thread 0x00007f9c940b9ed0 flushing  nmethod 0x00007f9c821d3590
Event: 125.597 Thread 0x00007f9c940b9ed0 flushing  nmethod 0x00007f9c821d3b90
Event: 125.597 Thread 0x00007f9c940b9ed0 flushing  nmethod 0x00007f9c8220bd90
Event: 125.597 Thread 0x00007f9c940b9ed0 flushing  nmethod 0x00007f9c8220c890
Event: 125.598 Thread 0x00007f9c940b9ed0 flushing  nmethod 0x00007f9c822ba010
Event: 125.600 Thread 0x00007f9c940b9ed0 flushing  nmethod 0x00007f9c8231b210
Event: 125.601 Thread 0x00007f9c940b9ed0 flushing osr nmethod 0x00007f9c823a0410
Event: 125.601 Thread 0x00007f9c940b9ed0 flushing  nmethod 0x00007f9c82445190
Event: 125.601 Thread 0x00007f9c940b9ed0 flushing  nmethod 0x00007f9c82446690
Event: 125.601 Thread 0x00007f9c940b9ed0 flushing  nmethod 0x00007f9c8247e990
Event: 125.601 Thread 0x00007f9c940b9ed0 flushing  nmethod 0x00007f9c824a1c10
Event: 125.601 Thread 0x00007f9c940b9ed0 flushing  nmethod 0x00007f9c824a2290
Event: 125.601 Thread 0x00007f9c940b9ed0 flushing  nmethod 0x00007f9c824a2610
Event: 125.601 Thread 0x00007f9c940b9ed0 flushing  nmethod 0x00007f9c824a2990
Event: 125.601 Thread 0x00007f9c940b9ed0 flushing  nmethod 0x00007f9c824a3690
Event: 125.601 Thread 0x00007f9c940b9ed0 flushing  nmethod 0x00007f9c824a4810
Event: 125.601 Thread 0x00007f9c940b9ed0 flushing  nmethod 0x00007f9c824a4e90
Event: 125.601 Thread 0x00007f9c940b9ed0 flushing  nmethod 0x00007f9c824a6790
Event: 125.602 Thread 0x00007f9c940b9ed0 flushing  nmethod 0x00007f9c824fac90
Event: 125.602 Thread 0x00007f9c940b9ed0 flushing  nmethod 0x00007f9c824fdc90

Events (20 events):
Event: 28.870 Thread 0x00007f9c69eaea60 Thread added: 0x00007f9c78174880
Event: 29.005 Thread 0x00007f9c7803e910 Thread added: 0x00007f9c953666e0
Event: 29.067 Thread 0x00007f9c7803e910 Thread added: 0x00007f9c95368f40
Event: 29.377 Thread 0x00007f9c69eaea60 Thread added: 0x00007f9c78180cb0
Event: 29.603 Thread 0x00007f9c69eaea60 Thread added: 0x00007f9c78183a30
Event: 29.668 Thread 0x00007f9c69eaea60 Thread added: 0x00007f9c7817a630
Event: 30.874 Thread 0x00007f9c69eaea60 Thread added: 0x00007f9c78216f00
Event: 30.973 Thread 0x00007f9c7803e910 Thread added: 0x00007f9c9412adf0
Event: 30.979 Thread 0x00007f9c78216f00 Thread added: 0x00007f9c95362200
Event: 31.173 Thread 0x00007f9c7803e910 Thread added: 0x00007f9c95362ae0
Event: 31.399 Thread 0x00007f9c7803e910 Thread added: 0x00007f9c94126d50
Event: 83.566 Thread 0x00007f9c6a2b3fc0 Thread exited: 0x00007f9c6a2b3fc0
Event: 106.975 Thread 0x00007f9c95362200 Thread exited: 0x00007f9c95362200
Event: 124.488 Thread 0x00007f9c7803e910 Thread added: 0x00007f9c0c016000
Event: 126.405 Thread 0x00007f9c0c016000 Thread added: 0x00007f9c28004d20
Event: 126.410 Thread 0x00007f9c28004d20 Thread added: 0x00007f9c34003ec0
Event: 128.303 Thread 0x00007f9c69eaea60 Thread added: 0x00007f9c78151320
Event: 128.468 Thread 0x00007f9c78151320 Thread added: 0x00007f9c3c016fd0
Event: 128.481 Thread 0x00007f9c78151320 Thread added: 0x00007f9c3c018950
Event: 128.488 Thread 0x00007f9c78151320 Thread added: 0x00007f9c3c01a280


Dynamic libraries:
c0000000-e2800000 rw-p 00000000 00:00 0 
e9500000-ffa00000 ---p 00000000 00:00 0 
ffa00000-ffe00000 rw-p 00000000 00:00 0 
ffe00000-ffe75000 rw-p 00c7a000 00:25 13853                              /usr/lib/jvm/java-17-openjdk-amd64/lib/server/classes.jsa
ffe75000-fff00000 rw-p 00000000 00:00 0 
fff00000-fff78000 rw-p 00c02000 00:25 13853                              /usr/lib/jvm/java-17-openjdk-amd64/lib/server/classes.jsa
fff78000-100000000 rw-p 00000000 00:00 0 
55e61e6e1000-55e61e6e2000 r--p 00000000 00:25 13495                      /usr/lib/jvm/java-17-openjdk-amd64/bin/java
55e61e6e2000-55e61e6e3000 r-xp 00001000 00:25 13495                      /usr/lib/jvm/java-17-openjdk-amd64/bin/java
55e61e6e3000-55e61e6e4000 r--p 00002000 00:25 13495                      /usr/lib/jvm/java-17-openjdk-amd64/bin/java
55e61e6e4000-55e61e6e5000 r--p 00002000 00:25 13495                      /usr/lib/jvm/java-17-openjdk-amd64/bin/java
55e61e6e5000-55e61e6e6000 rw-p 00003000 00:25 13495                      /usr/lib/jvm/java-17-openjdk-amd64/bin/java
55e61fdf3000-55e61fede000 rw-p 00000000 00:00 0                          [heap]
7f9c0c000000-7f9c0c0be000 rw-p 00000000 00:00 0 
7f9c0c0be000-7f9c10000000 ---p 00000000 00:00 0 
7f9c14000000-7f9c16d50000 rw-p 00000000 00:00 0 
7f9c16d50000-7f9c18000000 ---p 00000000 00:00 0 
7f9c1a4e5000-7f9c1a4e6000 ---p 00000000 00:00 0 
7f9c1a4e6000-7f9c1a4ea000 ---p 00000000 00:00 0 
7f9c1a4ea000-7f9c1a5e6000 rw-p 00000000 00:00 0 
7f9c1a5e6000-7f9c1a5e7000 ---p 00000000 00:00 0 
7f9c1a5e7000-7f9c1a5eb000 ---p 00000000 00:00 0 
7f9c1a5eb000-7f9c1a6e7000 rw-p 00000000 00:00 0 
7f9c1a6e7000-7f9c1a6e8000 ---p 00000000 00:00 0 
7f9c1a6e8000-7f9c1a6ec000 ---p 00000000 00:00 0 
7f9c1a6ec000-7f9c1a7e8000 rw-p 00000000 00:00 0 
7f9c1a7e8000-7f9c1a7e9000 ---p 00000000 00:00 0 
7f9c1a7e9000-7f9c1a7ed000 ---p 00000000 00:00 0 
7f9c1a7ed000-7f9c1a8e9000 rw-p 00000000 00:00 0 
7f9c1a8e9000-7f9c1a8ea000 ---p 00000000 00:00 0 
7f9c1a8ea000-7f9c1a8ee000 ---p 00000000 00:00 0 
7f9c1a8ee000-7f9c1a9ea000 rw-p 00000000 00:00 0 
7f9c1a9ea000-7f9c1a9eb000 ---p 00000000 00:00 0 
7f9c1a9eb000-7f9c1a9ef000 ---p 00000000 00:00 0 
7f9c1a9ef000-7f9c1aaeb000 rw-p 00000000 00:00 0 
7f9c1aaeb000-7f9c1aaec000 ---p 00000000 00:00 0 
7f9c1aaec000-7f9c1aaf0000 ---p 00000000 00:00 0 
7f9c1aaf0000-7f9c1abec000 rw-p 00000000 00:00 0 
7f9c1abec000-7f9c1abed000 ---p 00000000 00:00 0 
7f9c1abed000-7f9c1abf1000 ---p 00000000 00:00 0 
7f9c1abf1000-7f9c1aced000 rw-p 00000000 00:00 0 
7f9c1aced000-7f9c1acee000 ---p 00000000 00:00 0 
7f9c1acee000-7f9c1acf2000 ---p 00000000 00:00 0 
7f9c1acf2000-7f9c1adee000 rw-p 00000000 00:00 0 
7f9c1adee000-7f9c1adef000 ---p 00000000 00:00 0 
7f9c1adef000-7f9c1adf3000 ---p 00000000 00:00 0 
7f9c1adf3000-7f9c1aeef000 rw-p 00000000 00:00 0 
7f9c1aeef000-7f9c1aef0000 ---p 00000000 00:00 0 
7f9c1aef0000-7f9c1aef4000 ---p 00000000 00:00 0 
7f9c1aef4000-7f9c1aff0000 rw-p 00000000 00:00 0 
7f9c1aff0000-7f9c1aff1000 ---p 00000000 00:00 0 
7f9c1aff1000-7f9c1aff5000 ---p 00000000 00:00 0 
7f9c1aff5000-7f9c1b0f1000 rw-p 00000000 00:00 0 
7f9c1b0f1000-7f9c1b0f2000 ---p 00000000 00:00 0 
7f9c1b0f2000-7f9c1b0f6000 ---p 00000000 00:00 0 
7f9c1b0f6000-7f9c1b1f2000 rw-p 00000000 00:00 0 
7f9c1b1f2000-7f9c1b1f3000 ---p 00000000 00:00 0 
7f9c1b1f3000-7f9c1b1f7000 ---p 00000000 00:00 0 
7f9c1b1f7000-7f9c1b2f3000 rw-p 00000000 00:00 0 
7f9c1b2f3000-7f9c1b2f4000 ---p 00000000 00:00 0 
7f9c1b2f4000-7f9c1b2f8000 ---p 00000000 00:00 0 
7f9c1b2f8000-7f9c1b3f4000 rw-p 00000000 00:00 0 
7f9c1b3f4000-7f9c1b3f5000 ---p 00000000 00:00 0 
7f9c1b3f5000-7f9c1b3f9000 ---p 00000000 00:00 0 
7f9c1b3f9000-7f9c1b4f5000 rw-p 00000000 00:00 0 
7f9c1b4f5000-7f9c1b4f6000 ---p 00000000 00:00 0 
7f9c1b4f6000-7f9c1b4fa000 ---p 00000000 00:00 0 
7f9c1b4fa000-7f9c1b5f6000 rw-p 00000000 00:00 0 
7f9c1b5f6000-7f9c1b5f7000 ---p 00000000 00:00 0 
7f9c1b5f7000-7f9c1b5fb000 ---p 00000000 00:00 0 
7f9c1b5fb000-7f9c1b6f7000 rw-p 00000000 00:00 0 
7f9c1b6f7000-7f9c1b6f8000 ---p 00000000 00:00 0 
7f9c1b6f8000-7f9c1b6fc000 ---p 00000000 00:00 0 
7f9c1b6fc000-7f9c1b7f8000 rw-p 00000000 00:00 0 
7f9c1b7f8000-7f9c1b7f9000 ---p 00000000 00:00 0 
7f9c1b7f9000-7f9c1b7fd000 ---p 00000000 00:00 0 
7f9c1b7fd000-7f9c1b8f9000 rw-p 00000000 00:00 0 
7f9c1b8f9000-7f9c1b8fa000 ---p 00000000 00:00 0 
7f9c1b8fa000-7f9c1b8fe000 ---p 00000000 00:00 0 
7f9c1b8fe000-7f9c1b9fa000 rw-p 00000000 00:00 0 
7f9c1b9fa000-7f9c1b9fb000 ---p 00000000 00:00 0 
7f9c1b9fb000-7f9c1b9ff000 ---p 00000000 00:00 0 
7f9c1b9ff000-7f9c1bafb000 rw-p 00000000 00:00 0 
7f9c1bafb000-7f9c1bafc000 ---p 00000000 00:00 0 
7f9c1bafc000-7f9c1bb00000 ---p 00000000 00:00 0 
7f9c1bb00000-7f9c1bbfc000 rw-p 00000000 00:00 0 
7f9c1bbfc000-7f9c1bbfd000 ---p 00000000 00:00 0 
7f9c1bbfd000-7f9c1bc01000 ---p 00000000 00:00 0 
7f9c1bc01000-7f9c1bcfd000 rw-p 00000000 00:00 0 
7f9c1bcfd000-7f9c1bcfe000 ---p 00000000 00:00 0 
7f9c1bcfe000-7f9c1bd02000 ---p 00000000 00:00 0 
7f9c1bd02000-7f9c1bdfe000 rw-p 00000000 00:00 0 
7f9c1bdfe000-7f9c1bdff000 ---p 00000000 00:00 0 
7f9c1bdff000-7f9c1be03000 ---p 00000000 00:00 0 
7f9c1be03000-7f9c1beff000 rw-p 00000000 00:00 0 
7f9c1beff000-7f9c1bf00000 ---p 00000000 00:00 0 
7f9c1bf00000-7f9c1bf04000 ---p 00000000 00:00 0 
7f9c1bf04000-7f9c1c580000 rw-p 00000000 00:00 0 
7f9c1c580000-7f9c1c600000 rw-p 00000000 00:00 0 
7f9c1c600000-7f9c1c700000 rw-p 00000000 00:00 0 
7f9c1c700000-7f9c1c800000 rw-p 00000000 00:00 0 
7f9c1c800000-7f9c1ef20000 rw-p 00000000 00:00 0 
7f9c1ef20000-7f9c1fd00000 rw-p 00000000 00:00 0 
7f9c1fd00000-7f9c1fd90000 rw-p 00000000 00:00 0 
7f9c1fd90000-7f9c1fe00000 ---p 00000000 00:00 0 
7f9c1fe00000-7f9c20000000 rw-p 00000000 00:00 0 
7f9c20000000-7f9c21b98000 rw-p 00000000 00:00 0 
7f9c21b98000-7f9c24000000 ---p 00000000 00:00 0 
7f9c24000000-7f9c25b74000 rw-p 00000000 00:00 0 
7f9c25b74000-7f9c28000000 ---p 00000000 00:00 0 
7f9c28000000-7f9c28259000 rw-p 00000000 00:00 0 
7f9c28259000-7f9c2c000000 ---p 00000000 00:00 0 
7f9c2c000000-7f9c2f806000 rw-p 00000000 00:00 0 
7f9c2f806000-7f9c30000000 ---p 00000000 00:00 0 
7f9c30000000-7f9c30065000 rw-p 00000000 00:00 0 
7f9c30065000-7f9c34000000 ---p 00000000 00:00 0 
7f9c34000000-7f9c34090000 rw-p 00000000 00:00 0 
7f9c34090000-7f9c38000000 ---p 00000000 00:00 0 
7f9c38000000-7f9c387f2000 rw-p 00000000 00:00 0 
7f9c387f2000-7f9c3c000000 ---p 00000000 00:00 0 
7f9c3c000000-7f9c3c021000 rw-p 00000000 00:00 0 
7f9c3c021000-7f9c40000000 ---p 00000000 00:00 0 
7f9c40000000-7f9c40586000 rw-p 00000000 00:00 0 
7f9c40586000-7f9c44000000 ---p 00000000 00:00 0 
7f9c440f1000-7f9c440f2000 ---p 00000000 00:00 0 
7f9c440f2000-7f9c440f6000 ---p 00000000 00:00 0 
7f9c440f6000-7f9c441f2000 rw-p 00000000 00:00 0 
7f9c441f2000-7f9c441f3000 ---p 00000000 00:00 0 
7f9c441f3000-7f9c441f7000 ---p 00000000 00:00 0 
7f9c441f7000-7f9c442f3000 rw-p 00000000 00:00 0 
7f9c442f3000-7f9c442f4000 ---p 00000000 00:00 0 
7f9c442f4000-7f9c442f8000 ---p 00000000 00:00 0 
7f9c442f8000-7f9c443f4000 rw-p 00000000 00:00 0 
7f9c443f4000-7f9c443f5000 ---p 00000000 00:00 0 
7f9c443f5000-7f9c443f9000 ---p 00000000 00:00 0 
7f9c443f9000-7f9c444f5000 rw-p 00000000 00:00 0 
7f9c444f5000-7f9c444f6000 ---p 00000000 00:00 0 
7f9c444f6000-7f9c444fa000 ---p 00000000 00:00 0 
7f9c444fa000-7f9c445f6000 rw-p 00000000 00:00 0 
7f9c445f6000-7f9c445f7000 ---p 00000000 00:00 0 
7f9c445f7000-7f9c445fb000 ---p 00000000 00:00 0 
7f9c445fb000-7f9c446f7000 rw-p 00000000 00:00 0 
7f9c446f7000-7f9c446f8000 ---p 00000000 00:00 0 
7f9c446f8000-7f9c446fc000 ---p 00000000 00:00 0 
7f9c446fc000-7f9c447f8000 rw-p 00000000 00:00 0 
7f9c447f8000-7f9c447f9000 ---p 00000000 00:00 0 
7f9c447f9000-7f9c447fd000 ---p 00000000 00:00 0 
7f9c447fd000-7f9c448f9000 rw-p 00000000 00:00 0 
7f9c448f9000-7f9c448fa000 ---p 00000000 00:00 0 
7f9c448fa000-7f9c448fe000 ---p 00000000 00:00 0 
7f9c448fe000-7f9c449fa000 rw-p 00000000 00:00 0 
7f9c449fa000-7f9c449fb000 ---p 00000000 00:00 0 
7f9c449fb000-7f9c449ff000 ---p 00000000 00:00 0 
7f9c449ff000-7f9c44afb000 rw-p 00000000 00:00 0 
7f9c44afb000-7f9c44afc000 ---p 00000000 00:00 0 
7f9c44afc000-7f9c44b00000 ---p 00000000 00:00 0 
7f9c44b00000-7f9c44bfc000 rw-p 00000000 00:00 0 
7f9c44bfc000-7f9c44bfd000 ---p 00000000 00:00 0 
7f9c44bfd000-7f9c44c01000 ---p 00000000 00:00 0 
7f9c44c01000-7f9c44cfd000 rw-p 00000000 00:00 0 
7f9c44cfd000-7f9c44cfe000 ---p 00000000 00:00 0 
7f9c44cfe000-7f9c44d02000 ---p 00000000 00:00 0 
7f9c44d02000-7f9c44dfe000 rw-p 00000000 00:00 0 
7f9c44dfe000-7f9c44dff000 ---p 00000000 00:00 0 
7f9c44dff000-7f9c44e03000 ---p 00000000 00:00 0 
7f9c44e03000-7f9c44eff000 rw-p 00000000 00:00 0 
7f9c44eff000-7f9c44f00000 ---p 00000000 00:00 0 
7f9c44f00000-7f9c44f04000 ---p 00000000 00:00 0 
7f9c44f04000-7f9c45000000 rw-p 00000000 00:00 0 
7f9c45000000-7f9c45455000 rw-p 00001000 00:25 13853                      /usr/lib/jvm/java-17-openjdk-amd64/lib/server/classes.jsa
7f9c45455000-7f9c45bca000 rw-p 00456000 00:25 13853                      /usr/lib/jvm/java-17-openjdk-amd64/lib/server/classes.jsa
7f9c45bca000-7f9c46000000 ---p 00000000 00:00 0 
7f9c46000000-7f9c46040000 rw-p 00000000 00:00 0 
7f9c46040000-7f9c46080000 rw-p 00000000 00:00 0 
7f9c46080000-7f9c46140000 rw-p 00000000 00:00 0 
7f9c46140000-7f9c46180000 rw-p 00000000 00:00 0 
7f9c46180000-7f9c46440000 rw-p 00000000 00:00 0 
7f9c46440000-7f9c46560000 rw-p 00000000 00:00 0 
7f9c46560000-7f9c46580000 rw-p 00000000 00:00 0 
7f9c46580000-7f9c467e0000 rw-p 00000000 00:00 0 
7f9c467e0000-7f9c468c0000 rw-p 00000000 00:00 0 
7f9c468c0000-7f9c46900000 rw-p 00000000 00:00 0 
7f9c46900000-7f9c46cc0000 rw-p 00000000 00:00 0 
7f9c46cc0000-7f9c46ce0000 rw-p 00000000 00:00 0 
7f9c46ce0000-7f9c46d00000 ---p 00000000 00:00 0 
7f9c46d00000-7f9c47900000 rw-p 00000000 00:00 0 
7f9c47900000-7f9c60000000 ---p 00000000 00:00 0 
7f9c60000000-7f9c60029000 rw-p 00000000 00:00 0 
7f9c60029000-7f9c64000000 ---p 00000000 00:00 0 
7f9c64000000-7f9c64400000 rw-p 00000000 00:00 0 
7f9c64400000-7f9c64900000 rw-p 00000000 00:00 0 
7f9c64900000-7f9c64a00000 rw-p 00000000 00:00 0 
7f9c64a00000-7f9c65380000 rw-p 00000000 00:00 0 
7f9c65380000-7f9c65400000 rw-p 00000000 00:00 0 
7f9c65400000-7f9c65780000 rw-p 00000000 00:00 0 
7f9c65780000-7f9c65900000 rw-p 00000000 00:00 0 
7f9c65900000-7f9c65d00000 rw-p 00000000 00:00 0 
7f9c65d00000-7f9c65e00000 rw-p 00000000 00:00 0 
7f9c65e00000-7f9c66f00000 rw-p 00000000 00:00 0 
7f9c66f00000-7f9c67380000 rw-p 00000000 00:00 0 
7f9c67380000-7f9c67400000 rw-p 00000000 00:00 0 
7f9c67400000-7f9c67500000 rw-p 00000000 00:00 0 
7f9c67500000-7f9c67600000 rw-p 00000000 00:00 0 
7f9c67600000-7f9c68000000 rw-p 00000000 00:00 0 
7f9c68000000-7f9c6a4c7000 rw-p 00000000 00:00 0 
7f9c6a4c7000-7f9c6c000000 ---p 00000000 00:00 0 
7f9c6c0f7000-7f9c6c0f8000 ---p 00000000 00:00 0 
7f9c6c0f8000-7f9c6c0fc000 ---p 00000000 00:00 0 
7f9c6c0fc000-7f9c6c1f8000 rw-p 00000000 00:00 0 
7f9c6c1f8000-7f9c6c1f9000 ---p 00000000 00:00 0 
7f9c6c1f9000-7f9c6c1fd000 ---p 00000000 00:00 0 
7f9c6c1fd000-7f9c6c2f9000 rw-p 00000000 00:00 0 
7f9c6c2f9000-7f9c6c2fa000 ---p 00000000 00:00 0 
7f9c6c2fa000-7f9c6c2fe000 ---p 00000000 00:00 0 
7f9c6c2fe000-7f9c6c3fa000 rw-p 00000000 00:00 0 
7f9c6c3fa000-7f9c6c3fb000 ---p 00000000 00:00 0 
7f9c6c3fb000-7f9c6c3ff000 ---p 00000000 00:00 0 
7f9c6c3ff000-7f9c6c4fb000 rw-p 00000000 00:00 0 
7f9c6c4fb000-7f9c6c4fc000 ---p 00000000 00:00 0 
7f9c6c4fc000-7f9c6c500000 ---p 00000000 00:00 0 
7f9c6c500000-7f9c6c5fc000 rw-p 00000000 00:00 0 
7f9c6c5fc000-7f9c6c5fd000 ---p 00000000 00:00 0 
7f9c6c5fd000-7f9c6c601000 ---p 00000000 00:00 0 
7f9c6c601000-7f9c6c6fd000 rw-p 00000000 00:00 0 
7f9c6c6fd000-7f9c6c6fe000 ---p 00000000 00:00 0 
7f9c6c6fe000-7f9c6c702000 ---p 00000000 00:00 0 
7f9c6c702000-7f9c6c7fe000 rw-p 00000000 00:00 0 
7f9c6c7fe000-7f9c6c7ff000 ---p 00000000 00:00 0 
7f9c6c7ff000-7f9c6c803000 ---p 00000000 00:00 0 
7f9c6c803000-7f9c6c8ff000 rw-p 00000000 00:00 0 
7f9c6c8ff000-7f9c6c900000 ---p 00000000 00:00 0 
7f9c6c900000-7f9c6c904000 ---p 00000000 00:00 0 
7f9c6c904000-7f9c6ca00000 rw-p 00000000 00:00 0 
7f9c6ca00000-7f9c6ca53000 r-xp 00000000 fe:00 529944                     /tmp/gradle_home/native/100fb08df4bc3b14c8652ba06237920a3bd2aa13389f12d3474272988ae205f9/linux-amd64/libnative-platform-file-events.so
7f9c6ca53000-7f9c6cc52000 ---p 00053000 fe:00 529944                     /tmp/gradle_home/native/100fb08df4bc3b14c8652ba06237920a3bd2aa13389f12d3474272988ae205f9/linux-amd64/libnative-platform-file-events.so
7f9c6cc52000-7f9c6cc53000 r--p 00052000 fe:00 529944                     /tmp/gradle_home/native/100fb08df4bc3b14c8652ba06237920a3bd2aa13389f12d3474272988ae205f9/linux-amd64/libnative-platform-file-events.so
7f9c6cc53000-7f9c6cc55000 rw-p 00053000 fe:00 529944                     /tmp/gradle_home/native/100fb08df4bc3b14c8652ba06237920a3bd2aa13389f12d3474272988ae205f9/linux-amd64/libnative-platform-file-events.so
7f9c6ccff000-7f9c6cd00000 ---p 00000000 00:00 0 
7f9c6cd00000-7f9c6ce00000 rw-p 00000000 00:00 0 
7f9c6ce00000-7f9c6ce05000 r-xp 00000000 fe:00 529927                     /tmp/gradle_home/native/c067742578af261105cb4f569cf0c3c89f3d7b1fecec35dd04571415982c5e48/linux-amd64/libnative-platform.so
7f9c6ce05000-7f9c6d005000 ---p 00005000 fe:00 529927                     /tmp/gradle_home/native/c067742578af261105cb4f569cf0c3c89f3d7b1fecec35dd04571415982c5e48/linux-amd64/libnative-platform.so
7f9c6d005000-7f9c6d006000 r--p 00005000 fe:00 529927                     /tmp/gradle_home/native/c067742578af261105cb4f569cf0c3c89f3d7b1fecec35dd04571415982c5e48/linux-amd64/libnative-platform.so
7f9c6d006000-7f9c6d007000 rw-p 00006000 fe:00 529927                     /tmp/gradle_home/native/c067742578af261105cb4f569cf0c3c89f3d7b1fecec35dd04571415982c5e48/linux-amd64/libnative-platform.so
7f9c6d0cc000-7f9c6d0cd000 ---p 00000000 00:00 0 
7f9c6d0cd000-7f9c6d0d1000 ---p 00000000 00:00 0 
7f9c6d0d1000-7f9c6d0ef000 rw-p 00000000 00:00 0 
7f9c6d0ef000-7f9c6d0f0000 ---p 00000000 00:00 0 
7f9c6d0f0000-7f9c6d1f0000 rw-p 00000000 00:00 0 
7f9c6d1f0000-7f9c6d1f1000 ---p 00000000 00:00 0 
7f9c6d1f1000-7f9c6d2f1000 rw-p 00000000 00:00 0 
7f9c6d2f1000-7f9c6d2f2000 ---p 00000000 00:00 0 
7f9c6d2f2000-7f9c6d2f6000 ---p 00000000 00:00 0 
7f9c6d2f6000-7f9c6d3f2000 rw-p 00000000 00:00 0 
7f9c6d3f2000-7f9c6d3f3000 ---p 00000000 00:00 0 
7f9c6d3f3000-7f9c6d3f7000 ---p 00000000 00:00 0 
7f9c6d3f7000-7f9c6d4f3000 rw-p 00000000 00:00 0 
7f9c6d4f3000-7f9c6d4f4000 ---p 00000000 00:00 0 
7f9c6d4f4000-7f9c6d4f8000 ---p 00000000 00:00 0 
7f9c6d4f8000-7f9c6d5f4000 rw-p 00000000 00:00 0 
7f9c6d5f4000-7f9c6d5f5000 ---p 00000000 00:00 0 
7f9c6d5f5000-7f9c6d5f9000 ---p 00000000 00:00 0 
7f9c6d5f9000-7f9c6d6f5000 rw-p 00000000 00:00 0 
7f9c6d6f5000-7f9c6d6f6000 ---p 00000000 00:00 0 
7f9c6d6f6000-7f9c6d6fa000 ---p 00000000 00:00 0 
7f9c6d6fa000-7f9c6d7f6000 rw-p 00000000 00:00 0 
7f9c6d7f6000-7f9c6d7f7000 ---p 00000000 00:00 0 
7f9c6d7f7000-7f9c6d7fb000 ---p 00000000 00:00 0 
7f9c6d7fb000-7f9c6d8f7000 rw-p 00000000 00:00 0 
7f9c6d8f7000-7f9c6d8f8000 ---p 00000000 00:00 0 
7f9c6d8f8000-7f9c6d8fc000 ---p 00000000 00:00 0 
7f9c6d8fc000-7f9c6d9f8000 rw-p 00000000 00:00 0 
7f9c6d9f8000-7f9c6d9f9000 ---p 00000000 00:00 0 
7f9c6d9f9000-7f9c6d9fd000 ---p 00000000 00:00 0 
7f9c6d9fd000-7f9c6daf9000 rw-p 00000000 00:00 0 
7f9c6daf9000-7f9c6db50000 r--p 00000000 00:25 13893                      /usr/lib/locale/C.utf8/LC_CTYPE
7f9c6db50000-7f9c6db51000 ---p 00000000 00:00 0 
7f9c6db51000-7f9c6db55000 ---p 00000000 00:00 0 
7f9c6db55000-7f9c6dc51000 rw-p 00000000 00:00 0 
7f9c6dc51000-7f9c6dc52000 ---p 00000000 00:00 0 
7f9c6dc52000-7f9c6dc56000 ---p 00000000 00:00 0 
7f9c6dc56000-7f9c6dd52000 rw-p 00000000 00:00 0 
7f9c6dd52000-7f9c6dd53000 ---p 00000000 00:00 0 
7f9c6dd53000-7f9c6de53000 rw-p 00000000 00:00 0 
7f9c6de53000-7f9c6de58000 r--p 00000000 00:25 13828                      /usr/lib/jvm/java-17-openjdk-amd64/lib/libjsvml.so
7f9c6de58000-7f9c6de99000 r-xp 00005000 00:25 13828                      /usr/lib/jvm/java-17-openjdk-amd64/lib/libjsvml.so
7f9c6de99000-7f9c6df22000 r--p 00046000 00:25 13828                      /usr/lib/jvm/java-17-openjdk-amd64/lib/libjsvml.so
7f9c6df22000-7f9c6df23000 r--p 000ce000 00:25 13828                      /usr/lib/jvm/java-17-openjdk-amd64/lib/libjsvml.so
7f9c6df23000-7f9c6df24000 rw-p 000cf000 00:25 13828                      /usr/lib/jvm/java-17-openjdk-amd64/lib/libjsvml.so
7f9c6df24000-7f9c70000000 rw-p 00000000 00:00 0 
7f9c70000000-7f9c70021000 rw-p 00000000 00:00 0 
7f9c70021000-7f9c74000000 ---p 00000000 00:00 0 
7f9c74000000-7f9c7409b000 rw-p 00000000 00:00 0 
7f9c7409b000-7f9c78000000 ---p 00000000 00:00 0 
7f9c78000000-7f9c7824a000 rw-p 00000000 00:00 0 
7f9c7824a000-7f9c7c000000 ---p 00000000 00:00 0 
7f9c7c004000-7f9c7c006000 r--p 00000000 00:25 13832                      /usr/lib/jvm/java-17-openjdk-amd64/lib/libmanagement_ext.so
7f9c7c006000-7f9c7c009000 r-xp 00002000 00:25 13832                      /usr/lib/jvm/java-17-openjdk-amd64/lib/libmanagement_ext.so
7f9c7c009000-7f9c7c00a000 r--p 00005000 00:25 13832                      /usr/lib/jvm/java-17-openjdk-amd64/lib/libmanagement_ext.so
7f9c7c00a000-7f9c7c00b000 r--p 00006000 00:25 13832                      /usr/lib/jvm/java-17-openjdk-amd64/lib/libmanagement_ext.so
7f9c7c00b000-7f9c7c00c000 rw-p 00007000 00:25 13832                      /usr/lib/jvm/java-17-openjdk-amd64/lib/libmanagement_ext.so
7f9c7c00c000-7f9c7c00d000 ---p 00000000 00:00 0 
7f9c7c00d000-7f9c7c10d000 rw-p 00000000 00:00 0 
7f9c7c10d000-7f9c7c10e000 ---p 00000000 00:00 0 
7f9c7c10e000-7f9c7c410000 rw-p 00000000 00:00 0 
7f9c7c410000-7f9c7c411000 ---p 00000000 00:00 0 
7f9c7c411000-7f9c7cdb1000 rw-p 00000000 00:00 0 
7f9c7cdb1000-7f9c7d4f9000 ---p 00000000 00:00 0 
7f9c7d4f9000-7f9c7d511000 rw-p 00000000 00:00 0 
7f9c7d511000-7f9c82621000 rwxp 00000000 00:00 0 
7f9c82621000-7f9c84a49000 ---p 00000000 00:00 0 
7f9c84a49000-7f9c84cb9000 rwxp 00000000 00:00 0 
7f9c84cb9000-7f9c84fd8000 ---p 00000000 00:00 0 
7f9c84fd8000-7f9c85cd8000 rwxp 00000000 00:00 0 
7f9c85cd8000-7f9c8c511000 ---p 00000000 00:00 0 
7f9c8c511000-7f9c94000000 r--s 00000000 00:25 13844                      /usr/lib/jvm/java-17-openjdk-amd64/lib/modules
7f9c94000000-7f9c97ffa000 rw-p 00000000 00:00 0 
7f9c97ffa000-7f9c98000000 ---p 00000000 00:00 0 
7f9c98002000-7f9c98003000 r--p 00000000 00:25 13813                      /usr/lib/jvm/java-17-openjdk-amd64/lib/libextnet.so
7f9c98003000-7f9c98004000 r-xp 00001000 00:25 13813                      /usr/lib/jvm/java-17-openjdk-amd64/lib/libextnet.so
7f9c98004000-7f9c98005000 r--p 00002000 00:25 13813                      /usr/lib/jvm/java-17-openjdk-amd64/lib/libextnet.so
7f9c98005000-7f9c98006000 r--p 00002000 00:25 13813                      /usr/lib/jvm/java-17-openjdk-amd64/lib/libextnet.so
7f9c98006000-7f9c98007000 rw-p 00003000 00:25 13813                      /usr/lib/jvm/java-17-openjdk-amd64/lib/libextnet.so
7f9c98007000-7f9c98008000 r--p 00000000 00:25 18162                      /usr/lib/x86_64-linux-gnu/libpthread.so.0
7f9c98008000-7f9c98009000 r-xp 00001000 00:25 18162                      /usr/lib/x86_64-linux-gnu/libpthread.so.0
7f9c98009000-7f9c9800a000 r--p 00002000 00:25 18162                      /usr/lib/x86_64-linux-gnu/libpthread.so.0
7f9c9800a000-7f9c9800b000 r--p 00002000 00:25 18162                      /usr/lib/x86_64-linux-gnu/libpthread.so.0
7f9c9800b000-7f9c9800c000 rw-p 00003000 00:25 18162                      /usr/lib/x86_64-linux-gnu/libpthread.so.0
7f9c9800c000-7f9c98010000 r--p 00000000 00:25 13842                      /usr/lib/jvm/java-17-openjdk-amd64/lib/libverify.so
7f9c98010000-7f9c98017000 r-xp 00004000 00:25 13842                      /usr/lib/jvm/java-17-openjdk-amd64/lib/libverify.so
7f9c98017000-7f9c98019000 r--p 0000b000 00:25 13842                      /usr/lib/jvm/java-17-openjdk-amd64/lib/libverify.so
7f9c98019000-7f9c9801b000 r--p 0000c000 00:25 13842                      /usr/lib/jvm/java-17-openjdk-amd64/lib/libverify.so
7f9c9801b000-7f9c9801c000 rw-p 0000e000 00:25 13842                      /usr/lib/jvm/java-17-openjdk-amd64/lib/libverify.so
7f9c9801c000-7f9c98020000 r--p 00000000 00:25 13834                      /usr/lib/jvm/java-17-openjdk-amd64/lib/libnet.so
7f9c98020000-7f9c9802e000 r-xp 00004000 00:25 13834                      /usr/lib/jvm/java-17-openjdk-amd64/lib/libnet.so
7f9c9802e000-7f9c98032000 r--p 00012000 00:25 13834                      /usr/lib/jvm/java-17-openjdk-amd64/lib/libnet.so
7f9c98032000-7f9c98033000 r--p 00015000 00:25 13834                      /usr/lib/jvm/java-17-openjdk-amd64/lib/libnet.so
7f9c98033000-7f9c98034000 rw-p 00016000 00:25 13834                      /usr/lib/jvm/java-17-openjdk-amd64/lib/libnet.so
7f9c98034000-7f9c98075000 rw-p 00000000 00:00 0 
7f9c98078000-7f9c9807a000 r--p 00000000 00:25 13830                      /usr/lib/jvm/java-17-openjdk-amd64/lib/libmanagement.so
7f9c9807a000-7f9c9807b000 r-xp 00002000 00:25 13830                      /usr/lib/jvm/java-17-openjdk-amd64/lib/libmanagement.so
7f9c9807b000-7f9c9807c000 r--p 00003000 00:25 13830                      /usr/lib/jvm/java-17-openjdk-amd64/lib/libmanagement.so
7f9c9807c000-7f9c9807d000 r--p 00003000 00:25 13830                      /usr/lib/jvm/java-17-openjdk-amd64/lib/libmanagement.so
7f9c9807d000-7f9c9807e000 rw-p 00004000 00:25 13830                      /usr/lib/jvm/java-17-openjdk-amd64/lib/libmanagement.so
7f9c9807e000-7f9c98085000 r--p 00000000 00:25 13835                      /usr/lib/jvm/java-17-openjdk-amd64/lib/libnio.so
7f9c98085000-7f9c9808e000 r-xp 00007000 00:25 13835                      /usr/lib/jvm/java-17-openjdk-amd64/lib/libnio.so
7f9c9808e000-7f9c98092000 r--p 00010000 00:25 13835                      /usr/lib/jvm/java-17-openjdk-amd64/lib/libnio.so
7f9c98092000-7f9c98093000 r--p 00014000 00:25 13835                      /usr/lib/jvm/java-17-openjdk-amd64/lib/libnio.so
7f9c98093000-7f9c98094000 rw-p 00015000 00:25 13835                      /usr/lib/jvm/java-17-openjdk-amd64/lib/libnio.so
7f9c98094000-7f9c98096000 r--p 00000000 00:25 13843                      /usr/lib/jvm/java-17-openjdk-amd64/lib/libzip.so
7f9c98096000-7f9c9809a000 r-xp 00002000 00:25 13843                      /usr/lib/jvm/java-17-openjdk-amd64/lib/libzip.so
7f9c9809a000-7f9c9809c000 r--p 00006000 00:25 13843                      /usr/lib/jvm/java-17-openjdk-amd64/lib/libzip.so
7f9c9809c000-7f9c9809d000 r--p 00007000 00:25 13843                      /usr/lib/jvm/java-17-openjdk-amd64/lib/libzip.so
7f9c9809d000-7f9c9809e000 rw-p 00008000 00:25 13843                      /usr/lib/jvm/java-17-openjdk-amd64/lib/libzip.so
7f9c9809e000-7f9c9809f000 r--p 00000000 00:25 13899                      /usr/lib/locale/C.utf8/LC_NUMERIC
7f9c9809f000-7f9c980a0000 r--p 00000000 00:25 13902                      /usr/lib/locale/C.utf8/LC_TIME
7f9c980a0000-7f9c980a1000 r--p 00000000 00:25 13892                      /usr/lib/locale/C.utf8/LC_COLLATE
7f9c980a1000-7f9c980a2000 r--p 00000000 00:25 13897                      /usr/lib/locale/C.utf8/LC_MONETARY
7f9c980a2000-7f9c980a3000 r--p 00000000 00:25 13896                      /usr/lib/locale/C.utf8/LC_MESSAGES/SYS_LC_MESSAGES
7f9c980a3000-7f9c980a4000 r--p 00000000 00:25 13900                      /usr/lib/locale/C.utf8/LC_PAPER
7f9c980a4000-7f9c980a5000 r--p 00000000 00:25 13898                      /usr/lib/locale/C.utf8/LC_NAME
7f9c980a5000-7f9c980ac000 r--s 00000000 00:25 17585                      /usr/lib/x86_64-linux-gnu/gconv/gconv-modules.cache
7f9c980ac000-7f9c980ad000 ---p 00000000 00:00 0 
7f9c980ad000-7f9c981ad000 rw-p 00000000 00:00 0 
7f9c981ad000-7f9c981ae000 ---p 00000000 00:00 0 
7f9c981ae000-7f9c98b71000 rw-p 00000000 00:00 0 
7f9c98b71000-7f9c992b9000 ---p 00000000 00:00 0 
7f9c992b9000-7f9c993e5000 rw-p 00000000 00:00 0 
7f9c993e5000-7f9c994ce000 ---p 00000000 00:00 0 
7f9c994ce000-7f9c995e5000 rw-p 00000000 00:00 0 
7f9c995e5000-7f9c996ce000 ---p 00000000 00:00 0 
7f9c996ce000-7f9c997e5000 rw-p 00000000 00:00 0 
7f9c997e5000-7f9c998ce000 ---p 00000000 00:00 0 
7f9c998ce000-7f9c99aed000 rw-p 00000000 00:00 0 
7f9c99aed000-7f9c99bbe000 ---p 00000000 00:00 0 
7f9c99bbe000-7f9c99c61000 rw-p 00000000 00:00 0 
7f9c99c61000-7f9c99ca9000 ---p 00000000 00:00 0 
7f9c99ca9000-7f9c99cae000 rw-p 00000000 00:00 0 
7f9c99cae000-7f9c99cb5000 ---p 00000000 00:00 0 
7f9c99cb5000-7f9c99cbd000 rw-s 00000000 fe:00 538461                     /tmp/hsperfdata_root/13713
7f9c99cbd000-7f9c99cc9000 r--p 00000000 00:25 13820                      /usr/lib/jvm/java-17-openjdk-amd64/lib/libjava.so
7f9c99cc9000-7f9c99cda000 r-xp 0000c000 00:25 13820                      /usr/lib/jvm/java-17-openjdk-amd64/lib/libjava.so
7f9c99cda000-7f9c99ce0000 r--p 0001d000 00:25 13820                      /usr/lib/jvm/java-17-openjdk-amd64/lib/libjava.so
7f9c99ce0000-7f9c99ce1000 r--p 00022000 00:25 13820                      /usr/lib/jvm/java-17-openjdk-amd64/lib/libjava.so
7f9c99ce1000-7f9c99ce2000 rw-p 00023000 00:25 13820                      /usr/lib/jvm/java-17-openjdk-amd64/lib/libjava.so
7f9c99ce2000-7f9c99ce3000 rw-p 00000000 00:00 0 
7f9c99ce3000-7f9c99ce4000 r--p 00000000 00:25 13815                      /usr/lib/jvm/java-17-openjdk-amd64/lib/libinstrument.so
7f9c99ce4000-7f9c99cea000 r-xp 00001000 00:25 13815                      /usr/lib/jvm/java-17-openjdk-amd64/lib/libinstrument.so
7f9c99cea000-7f9c99ced000 r--p 00007000 00:25 13815                      /usr/lib/jvm/java-17-openjdk-amd64/lib/libinstrument.so
7f9c99ced000-7f9c99cee000 r--p 00009000 00:25 13815                      /usr/lib/jvm/java-17-openjdk-amd64/lib/libinstrument.so
7f9c99cee000-7f9c99cef000 rw-p 0000a000 00:25 13815                      /usr/lib/jvm/java-17-openjdk-amd64/lib/libinstrument.so
7f9c99cef000-7f9c99cf1000 r--p 00000000 00:25 13824                      /usr/lib/jvm/java-17-openjdk-amd64/lib/libjimage.so
7f9c99cf1000-7f9c99cf4000 r-xp 00002000 00:25 13824                      /usr/lib/jvm/java-17-openjdk-amd64/lib/libjimage.so
7f9c99cf4000-7f9c99cf5000 r--p 00005000 00:25 13824                      /usr/lib/jvm/java-17-openjdk-amd64/lib/libjimage.so
7f9c99cf5000-7f9c99cf6000 r--p 00006000 00:25 13824                      /usr/lib/jvm/java-17-openjdk-amd64/lib/libjimage.so
7f9c99cf6000-7f9c99cf7000 rw-p 00007000 00:25 13824                      /usr/lib/jvm/java-17-openjdk-amd64/lib/libjimage.so
7f9c99cf7000-7f9c99cfb000 ---p 00000000 00:00 0 
7f9c99cfb000-7f9c99df7000 rw-p 00000000 00:00 0 
7f9c99df7000-7f9c99dfa000 r--p 00000000 00:25 17971                      /usr/lib/x86_64-linux-gnu/libgcc_s.so.1
7f9c99dfa000-7f9c99e11000 r-xp 00003000 00:25 17971                      /usr/lib/x86_64-linux-gnu/libgcc_s.so.1
7f9c99e11000-7f9c99e15000 r--p 0001a000 00:25 17971                      /usr/lib/x86_64-linux-gnu/libgcc_s.so.1
7f9c99e15000-7f9c99e16000 r--p 0001d000 00:25 17971                      /usr/lib/x86_64-linux-gnu/libgcc_s.so.1
7f9c99e16000-7f9c99e17000 rw-p 0001e000 00:25 17971                      /usr/lib/x86_64-linux-gnu/libgcc_s.so.1
7f9c99e17000-7f9c99e27000 r--p 00000000 00:25 18072                      /usr/lib/x86_64-linux-gnu/libm.so.6
7f9c99e27000-7f9c99e9b000 r-xp 00010000 00:25 18072                      /usr/lib/x86_64-linux-gnu/libm.so.6
7f9c99e9b000-7f9c99ef5000 r--p 00084000 00:25 18072                      /usr/lib/x86_64-linux-gnu/libm.so.6
7f9c99ef5000-7f9c99ef6000 r--p 000dd000 00:25 18072                      /usr/lib/x86_64-linux-gnu/libm.so.6
7f9c99ef6000-7f9c99ef7000 rw-p 000de000 00:25 18072                      /usr/lib/x86_64-linux-gnu/libm.so.6
7f9c99ef7000-7f9c99f90000 r--p 00000000 00:25 18239                      /usr/lib/x86_64-linux-gnu/libstdc++.so.6.0.30
7f9c99f90000-7f9c9a091000 r-xp 00099000 00:25 18239                      /usr/lib/x86_64-linux-gnu/libstdc++.so.6.0.30
7f9c9a091000-7f9c9a100000 r--p 0019a000 00:25 18239                      /usr/lib/x86_64-linux-gnu/libstdc++.so.6.0.30
7f9c9a100000-7f9c9a10b000 r--p 00209000 00:25 18239                      /usr/lib/x86_64-linux-gnu/libstdc++.so.6.0.30
7f9c9a10b000-7f9c9a10e000 rw-p 00214000 00:25 18239                      /usr/lib/x86_64-linux-gnu/libstdc++.so.6.0.30
7f9c9a10e000-7f9c9a111000 rw-p 00000000 00:00 0 
7f9c9a111000-7f9c9a362000 r--p 00000000 00:25 13856                      /usr/lib/jvm/java-17-openjdk-amd64/lib/server/libjvm.so
7f9c9a362000-7f9c9b0b4000 r-xp 00251000 00:25 13856                      /usr/lib/jvm/java-17-openjdk-amd64/lib/server/libjvm.so
7f9c9b0b4000-7f9c9b336000 r--p 00fa3000 00:25 13856                      /usr/lib/jvm/java-17-openjdk-amd64/lib/server/libjvm.so
7f9c9b336000-7f9c9b3ee000 r--p 01225000 00:25 13856                      /usr/lib/jvm/java-17-openjdk-amd64/lib/server/libjvm.so
7f9c9b3ee000-7f9c9b423000 rw-p 012dd000 00:25 13856                      /usr/lib/jvm/java-17-openjdk-amd64/lib/server/libjvm.so
7f9c9b423000-7f9c9b47f000 rw-p 00000000 00:00 0 
7f9c9b47f000-7f9c9b4a5000 r--p 00000000 00:25 17860                      /usr/lib/x86_64-linux-gnu/libc.so.6
7f9c9b4a5000-7f9c9b5fb000 r-xp 00026000 00:25 17860                      /usr/lib/x86_64-linux-gnu/libc.so.6
7f9c9b5fb000-7f9c9b64e000 r--p 0017c000 00:25 17860                      /usr/lib/x86_64-linux-gnu/libc.so.6
7f9c9b64e000-7f9c9b652000 r--p 001cf000 00:25 17860                      /usr/lib/x86_64-linux-gnu/libc.so.6
7f9c9b652000-7f9c9b654000 rw-p 001d3000 00:25 17860                      /usr/lib/x86_64-linux-gnu/libc.so.6
7f9c9b654000-7f9c9b661000 rw-p 00000000 00:00 0 
7f9c9b661000-7f9c9b663000 r--p 00000000 00:25 13825                      /usr/lib/jvm/java-17-openjdk-amd64/lib/libjli.so
7f9c9b663000-7f9c9b66c000 r-xp 00002000 00:25 13825                      /usr/lib/jvm/java-17-openjdk-amd64/lib/libjli.so
7f9c9b66c000-7f9c9b66f000 r--p 0000b000 00:25 13825                      /usr/lib/jvm/java-17-openjdk-amd64/lib/libjli.so
7f9c9b66f000-7f9c9b670000 r--p 0000d000 00:25 13825                      /usr/lib/jvm/java-17-openjdk-amd64/lib/libjli.so
7f9c9b670000-7f9c9b671000 rw-p 0000e000 00:25 13825                      /usr/lib/jvm/java-17-openjdk-amd64/lib/libjli.so
7f9c9b671000-7f9c9b674000 r--p 00000000 00:25 1006                       /usr/lib/x86_64-linux-gnu/libz.so.1.2.13
7f9c9b674000-7f9c9b687000 r-xp 00003000 00:25 1006                       /usr/lib/x86_64-linux-gnu/libz.so.1.2.13
7f9c9b687000-7f9c9b68e000 r--p 00016000 00:25 1006                       /usr/lib/x86_64-linux-gnu/libz.so.1.2.13
7f9c9b68e000-7f9c9b68f000 r--p 0001c000 00:25 1006                       /usr/lib/x86_64-linux-gnu/libz.so.1.2.13
7f9c9b68f000-7f9c9b690000 rw-p 0001d000 00:25 1006                       /usr/lib/x86_64-linux-gnu/libz.so.1.2.13
7f9c9b690000-7f9c9b691000 r--p 00000000 00:25 13891                      /usr/lib/locale/C.utf8/LC_ADDRESS
7f9c9b691000-7f9c9b692000 r--p 00000000 00:25 13901                      /usr/lib/locale/C.utf8/LC_TELEPHONE
7f9c9b692000-7f9c9b693000 r--p 00000000 00:25 13895                      /usr/lib/locale/C.utf8/LC_MEASUREMENT
7f9c9b693000-7f9c9b694000 r--p 00000000 00:25 13894                      /usr/lib/locale/C.utf8/LC_IDENTIFICATION
7f9c9b694000-7f9c9b695000 ---p 00000000 00:00 0 
7f9c9b695000-7f9c9b696000 r--p 00000000 00:00 0 
7f9c9b696000-7f9c9b697000 ---p 00000000 00:00 0 
7f9c9b697000-7f9c9b699000 rw-p 00000000 00:00 0 
7f9c9b699000-7f9c9b69a000 r--p 00000000 00:25 17646                      /usr/lib/x86_64-linux-gnu/ld-linux-x86-64.so.2
7f9c9b69a000-7f9c9b6c0000 r-xp 00001000 00:25 17646                      /usr/lib/x86_64-linux-gnu/ld-linux-x86-64.so.2
7f9c9b6c0000-7f9c9b6ca000 r--p 00027000 00:25 17646                      /usr/lib/x86_64-linux-gnu/ld-linux-x86-64.so.2
7f9c9b6ca000-7f9c9b6cc000 r--p 00031000 00:25 17646                      /usr/lib/x86_64-linux-gnu/ld-linux-x86-64.so.2
7f9c9b6cc000-7f9c9b6ce000 rw-p 00033000 00:25 17646                      /usr/lib/x86_64-linux-gnu/ld-linux-x86-64.so.2
7ffc8513f000-7ffc85160000 rw-p 00000000 00:00 0                          [stack]
7ffc851c3000-7ffc851c6000 r--p 00000000 00:00 0                          [vvar]
7ffc851c6000-7ffc851c8000 r-xp 00000000 00:00 0                          [vdso]
ffffffffff600000-ffffffffff601000 r-xp 00000000 00:00 0                  [vsyscall]


VM Arguments:
jvm_args: -XX:MaxMetaspaceSize=512m --add-opens=java.base/java.util=ALL-UNNAMED --add-opens=java.base/java.lang=ALL-UNNAMED --add-opens=java.base/java.lang.invoke=ALL-UNNAMED --add-opens=java.prefs/java.util.prefs=ALL-UNNAMED --add-exports=jdk.compiler/com.sun.tools.javac.api=ALL-UNNAMED --add-exports=jdk.compiler/com.sun.tools.javac.util=ALL-UNNAMED --add-opens=java.base/java.nio.charset=ALL-UNNAMED --add-opens=java.base/java.net=ALL-UNNAMED --add-opens=java.base/java.util.concurrent.atomic=ALL-UNNAMED -Xmx1024m -Dfile.encoding=UTF-8 -Duser.country -Duser.language=en -Duser.variant -javaagent:/tmp/gradle_home/wrapper/dists/gradle-8.9-bin/90cnw93cvbtalezasaz0blq0a/gradle-8.9/lib/agents/gradle-instrumentation-agent-8.9.jar 
java_command: org.gradle.launcher.daemon.bootstrap.GradleDaemon 8.9
java_class_path (initial): /tmp/gradle_home/wrapper/dists/gradle-8.9-bin/90cnw93cvbtalezasaz0blq0a/gradle-8.9/lib/gradle-daemon-main-8.9.jar
Launcher Type: SUN_STANDARD

[Global flags]
     intx CICompilerCount                          = 2                                         {product} {ergonomic}
   size_t CompressedClassSpaceSize                 = 436207616                                 {product} {ergonomic}
     uint ConcGCThreads                            = 1                                         {product} {ergonomic}
     uint G1ConcRefinementThreads                  = 2                                         {product} {ergonomic}
   size_t G1HeapRegionSize                         = 1048576                                   {product} {ergonomic}
    uintx GCDrainStackTargetSize                   = 64                                        {product} {ergonomic}
   size_t InitialHeapSize                          = 33554432                                  {product} {ergonomic}
   size_t MarkStackSize                            = 4194304                                   {product} {ergonomic}
   size_t MaxHeapSize                              = 1073741824                                {product} {command line}
   size_t MaxMetaspaceSize                         = 536870912                                 {product} {command line}
   size_t MaxNewSize                               = 643825664                                 {product} {ergonomic}
   size_t MinHeapDeltaBytes                        = 1048576                                   {product} {ergonomic}
   size_t MinHeapSize                              = 8388608                                   {product} {ergonomic}
    uintx NonNMethodCodeHeapSize                   = 5826188                                {pd product} {ergonomic}
    uintx NonProfiledCodeHeapSize                  = 122916026                              {pd product} {ergonomic}
    uintx ProfiledCodeHeapSize                     = 122916026                              {pd product} {ergonomic}
    uintx ReservedCodeCacheSize                    = 251658240                              {pd product} {ergonomic}
     bool SegmentedCodeCache                       = true                                      {product} {ergonomic}
   size_t SoftMaxHeapSize                          = 1073741824                             {manageable} {ergonomic}
     bool UseCompressedClassPointers               = true                           {product lp64_product} {ergonomic}
     bool UseCompressedOops                        = true                           {product lp64_product} {ergonomic}
     bool UseG1GC                                  = true                                      {product} {ergonomic}

Logging:
Log output configuration:
 #0: stdout all=warning uptime,level,tags
 #1: stderr all=off uptime,level,tags

Environment Variables:
PATH=/usr/local/sbin:/usr/local/bin:/usr/sbin:/usr/bin:/sbin:/bin
SHELL=/bin/bash
LANG=C.UTF-8
LC_ALL=C.UTF-8
TERM=tmux-256color

Active Locale:
LC_ALL=C.UTF-8
LC_COLLATE=C.UTF-8
LC_CTYPE=C.UTF-8
LC_MESSAGES=C.UTF-8
LC_MONETARY=C.UTF-8
LC_NUMERIC=C.UTF-8
LC_TIME=C.UTF-8

Signal Handlers:
   SIGSEGV: crash_handler in libjvm.so, mask=11100100010111111101111111111110, flags=SA_RESTART|SA_SIGINFO, unblocked
    SIGBUS: crash_handler in libjvm.so, mask=11100100010111111101111111111110, flags=SA_RESTART|SA_SIGINFO, unblocked
    SIGFPE: crash_handler in libjvm.so, mask=11100100010111111101111111111110, flags=SA_RESTART|SA_SIGINFO, unblocked
   SIGPIPE: javaSignalHandler in libjvm.so, mask=11100100010111111101111111111110, flags=SA_RESTART|SA_SIGINFO, unblocked
   SIGXFSZ: javaSignalHandler in libjvm.so, mask=11100100010111111101111111111110, flags=SA_RESTART|SA_SIGINFO, unblocked
    SIGILL: crash_handler in libjvm.so, mask=11100100010111111101111111111110, flags=SA_RESTART|SA_SIGINFO, unblocked
   SIGUSR2: SR_handler in libjvm.so, mask=00100000000000000000000000000000, flags=SA_RESTART|SA_SIGINFO, unblocked
    SIGHUP: UserHandler in libjvm.so, mask=11100100010111111101111111111110, flags=SA_RESTART|SA_SIGINFO, unblocked
    SIGINT: UserHandler in libjvm.so, mask=11100100010111111101111111111110, flags=SA_RESTART|SA_SIGINFO, unblocked
   SIGTERM: UserHandler in libjvm.so, mask=11100100010111111101111111111110, flags=SA_RESTART|SA_SIGINFO, unblocked
   SIGQUIT: UserHandler in libjvm.so, mask=11100100010111111101111111111110, flags=SA_RESTART|SA_SIGINFO, unblocked
   SIGTRAP: crash_handler in libjvm.so, mask=11100100010111111101111111111110, flags=SA_RESTART|SA_SIGINFO, unblocked


Periodic native trim disabled


---------------  S Y S T E M  ---------------

OS:
PRETTY_NAME="Debian GNU/Linux 12 (bookworm)"
NAME="Debian GNU/Linux"
VERSION_ID="12"
VERSION="12 (bookworm)"
VERSION_CODENAME=bookworm
ID=debian
HOME_URL="https://www.debian.org/"
SUPPORT_URL="https://www.debian.org/support"
BUG_REPORT_URL="https://bugs.debian.org/"
uname: Linux 4.19.91-c8dfc93.al7.x86_64 #1 SMP Tue Sep 26 10:25:51 UTC 2023 x86_64
OS uptime: 0 days 1:46 hours
libc: glibc 2.36 NPTL 2.36 
rlimit (soft/hard): STACK 8192k/infinity , CORE 0k/0k , NPROC 100000/100000 , NOFILE 100000/100000 , AS infinity/infinity , CPU infinity/infinity , DATA infinity/infinity , FSIZE infinity/infinity , MEMLOCK 64k/64k
load average: 3.57 1.62 0.99

/proc/meminfo:
MemTotal:        2152516 kB
MemFree:           32348 kB
MemAvailable:      11220 kB
Buffers:             140 kB
Cached:             8388 kB
SwapCached:            0 kB
Active:          2032980 kB
Inactive:           4580 kB
Active(anon):    2029200 kB
Inactive(anon):       16 kB
Active(file):       3780 kB
Inactive(file):     4564 kB
Unevictable:           0 kB
Mlocked:               0 kB
SwapTotal:             0 kB
SwapFree:              0 kB
Dirty:               100 kB
Writeback:             0 kB
AnonPages:       2029180 kB
Mapped:             6696 kB
Shmem:                36 kB
Slab:              30528 kB
SReclaimable:      16832 kB
SUnreclaim:        13696 kB
KernelStack:        3760 kB
PageTables:         6080 kB
NFS_Unstable:          0 kB
Bounce:                0 kB
WritebackTmp:          0 kB
CommitLimit:     1076256 kB
Committed_AS:    2279916 kB
VmallocTotal:   34359738367 kB
VmallocUsed:           0 kB
VmallocChunk:          0 kB
Percpu:              400 kB
AnonHugePages:    589824 kB
ShmemHugePages:        0 kB
ShmemPmdMapped:        0 kB
HugePages_Total:       0
HugePages_Free:        0
HugePages_Rsvd:        0
HugePages_Surp:        0
Hugepagesize:       2048 kB
Hugetlb:               0 kB
DirectMap4k:        8192 kB
DirectMap2M:     2523136 kB
DirectMap1G:           0 kB

/sys/kernel/mm/transparent_hugepage/enabled: [always] madvise never
/sys/kernel/mm/transparent_hugepage/hpage_pmd_size: 2097152
/sys/kernel/mm/transparent_hugepage/defrag (defrag/compaction efforts parameter): always defer defer+madvise madvise [never]

Process Memory:
Virtual Size: 3181180K (peak: 3392100K)
Resident Set Size: 1103564K (peak: 1111584K) (anon: 1103564K, file: 0K, shmem: 0K)
Swapped out: 0K
C-Heap outstanding allocations: 147863K, retained: 96584K
glibc malloc tunables: (default)

/proc/sys/kernel/threads-max (system-wide limit on the number of threads): 1129
/proc/sys/vm/max_map_count (maximum number of memory map areas a process may have): 65530
/proc/sys/vm/swappiness (control to define how aggressively the kernel swaps out anonymous memory): 60
/proc/sys/kernel/pid_max (system-wide limit on number of process identifiers): 32768

container (cgroup) information:
container_type: cgroupv1
cpu_cpuset_cpus: 0-1
cpu_memory_nodes: 0
active_processor_count: 2
cpu_quota: no quota
cpu_period: 100000
cpu_shares: 12288
memory_limit_in_bytes: 2097152 k
memory_and_swap_limit_in_bytes: unlimited
memory_soft_limit_in_bytes: unlimited
memory_usage_in_bytes: 2058800 k
memory_max_usage_in_bytes: 2064336 k
rss_usage_in_bytes: 2021632 k
cache_usage_in_bytes: 9680 k
kernel_memory_limit_in_bytes: unlimited
kernel_memory_usage_in_bytes: 27088 k
kernel_memory_max_usage_in_bytes: 91916 k
maximum number of tasks: unlimited
current number of tasks: 160

KVM virtualization detected
Steal ticks since vm start: 12157
Steal ticks percentage since vm start:  0.464

CPU: total 2 (initial active 2) (2 cores per cpu, 1 threads per core) family 6 model 85 stepping 7 microcode 0x1, cx8, cmov, fxsr, mmx, 3dnowpref, sse, sse2, sse3, ssse3, sse4.1, sse4.2, popcnt, lzcnt, tsc, tscinvbit, avx, avx2, aes, erms, clmul, bmi1, bmi2, adx, avx512f, avx512dq, avx512cd, avx512bw, avx512vl, fma, vzeroupper, avx512_vnni, clflush, clflushopt, clwb, hv
CPU Model and flags from /proc/cpuinfo:
model name	: Intel(R) Xeon(R) Processor @ 2.50GHz
flags		: fpu vme de pse tsc msr pae mce cx8 apic sep mtrr pge mca cmov pat pse36 clflush mmx fxsr sse sse2 ss ht syscall nx pdpe1gb rdtscp lm constant_tsc rep_good nopl xtopology nonstop_tsc cpuid tsc_known_freq pni pclmulqdq ssse3 fma cx16 pcid sse4_1 sse4_2 x2apic movbe popcnt tsc_deadline_timer aes xsave avx f16c rdrand hypervisor lahf_lm abm 3dnowprefetch cpuid_fault invpcid_single ssbd ibrs ibpb stibp ibrs_enhanced fsgsbase tsc_adjust bmi1 avx2 smep bmi2 erms invpcid mpx avx512f avx512dq rdseed adx smap clflushopt clwb avx512cd avx512bw avx512vl xsaveopt xsavec xgetbv1 xsaves umip avx512_vnni md_clear arch_capabilities

Online cpus: 0-1
Offline cpus: 
BIOS frequency limitation: <Not Available>
Frequency switch latency (ns): <Not Available>
Available cpu frequencies: <Not Available>
Current governor: <Not Available>
Core performance/turbo boost: <Not Available>

Memory: 4k page, physical 2097152k(37328k free), swap 0k(0k free)
Page Sizes: 4k

vm_info: OpenJDK 64-Bit Server VM (17.0.20+8-1-deb12u1-Debian) for linux-amd64 JRE (17.0.20+8-1-deb12u1-Debian), built on Jul 28 2026 07:08:51 by "buildd" with gcc 12.2.0

END.
